"Vannlokalitet_kode","Vannlokalitetsnavn","Betegnelse","Type","Aktivitet_id","Aktivitet_navn","Oppdragsgiver","Oppdragstaker","Parameter_id","Parameter_navn","Parameter_casnr","Medium_id","Medium_navn","LatinskNavn_id","VitenskapligNavn","Provetakmetode_id","Analysemetode_id","Tid_provetak","Ovre_dyp","Nedre_dyp","DybdeEnhet","Filtrert_Prove","UnntasKlassifisering","Operator","Verdi","Listenavn","Enhet","Provenr","Deteksjonsgrense","Kvantifiseringsgrense","Opprinnelse","Ant_verdier","Kommentar","Arkiv","Produktbeskrivelse","UTM33 Ost (X)","UTM33 Nord (Y)","year"
"04.24-108390","Munkefjord","ZR14","Kyst","OEKK","Økosystemovervåking i kystvann (ØkoKyst)","Miljødirektoratet","Akvaplan-niva","ANDEKNSK","Dekningsgrad ålegresseng (skala)",NA,"VS","Saltvann",99389,"Zostera marina","UKJENT","UKJENT",2021-08-24,0.3,0.6,"m","Ufiltrert",NA,"=",2,"Spredte planter (glissen eng)","<ubenevnt>",NA,NA,NA,NA,1,NA,"N",NA,1058489.3,7794751.5,2021
"04.24-108390","Munkefjord","ZR14","Kyst","OEKK","Økosystemovervåking i kystvann (ØkoKyst)","Miljødirektoratet","Akvaplan-niva","ANNVGR","Nedre voksegrense ålegresseng (takson)",NA,"VS","Saltvann",99389,"Zostera marina","UKJENT","UKJENT",2021-08-24,0.3,0.6,"m","Ufiltrert",NA,"=",0.6,NA,"m",NA,NA,NA,NA,1,NA,"N",NA,1058489.3,7794751.5,2021
"04.24-108390","Munkefjord","ZR14","Kyst","OEKK","Økosystemovervåking i kystvann (ØkoKyst)","Miljødirektoratet","Akvaplan-niva","MBDEKNSK","Dekningsgrad marine begroingsalger (skala)",NA,"VS","Saltvann",0,"Artsuavhengig","UKJENT","UKJENT",2021-08-24,0.3,0.6,"m","Ufiltrert",NA,"=",0,"Ikke påvist","<ubenevnt>",NA,NA,NA,NA,1,NA,"N",NA,1058489.3,7794751.5,2021
"04.24-108390","Munkefjord","ZR14","Kyst","OEKK","Økosystemovervåking i kystvann (ØkoKyst)","Miljødirektoratet","Akvaplan-niva","ANCPHIGHTSK","Canopyhøyde på ålegresseng (skala)",NA,"VS","Saltvann",99389,"Zostera marina","UKJENT","UKJENT",2021-08-24,0.3,0.6,"m","Ufiltrert",NA,"=",2,"20 - 60 cm","<ubenevnt>",NA,NA,NA,NA,1,NA,"N",NA,1058489.3,7794751.5,2021
"04.02-108470","Skjæret","ZR12","Kyst","OEKK","Økosystemovervåking i kystvann (ØkoKyst)","Miljødirektoratet","Akvaplan-niva","ANDEKNSK","Dekningsgrad ålegresseng (skala)",NA,"VS","Saltvann",99389,"Zostera marina","UKJENT","UKJENT",2021-08-23,1.3,5.6,"m","Ufiltrert",NA,"=",3,"Flekkvis tett eng (markert flekkvis forekomst)","<ubenevnt>",NA,NA,NA,NA,1,NA,"N",NA,669457.9,7690588.3,2021
"04.02-108470","Skjæret","ZR12","Kyst","OEKK","Økosystemovervåking i kystvann (ØkoKyst)","Miljødirektoratet","Akvaplan-niva","ANNVGR","Nedre voksegrense ålegresseng (takson)",NA,"VS","Saltvann",99389,"Zostera marina","UKJENT","UKJENT",2021-08-23,1.3,5.6,"m","Ufiltrert",NA,"=",5.61,NA,"m",NA,NA,NA,NA,1,NA,"N",NA,669457.9,7690588.3,2021
"04.02-108470","Skjæret","ZR12","Kyst","OEKK","Økosystemovervåking i kystvann (ØkoKyst)","Miljødirektoratet","Akvaplan-niva","MBDEKNSK","Dekningsgrad marine begroingsalger (skala)",NA,"VS","Saltvann",0,"Artsuavhengig","UKJENT","UKJENT",2021-08-23,1.3,5.6,"m","Ufiltrert",NA,"=",1,"Lite begroingsalger","<ubenevnt>",NA,NA,NA,NA,1,NA,"N",NA,669457.9,7690588.3,2021
"04.02-108470","Skjæret","ZR12","Kyst","OEKK","Økosystemovervåking i kystvann (ØkoKyst)","Miljødirektoratet","Akvaplan-niva","ANCPHIGHTSK","Canopyhøyde på ålegresseng (skala)",NA,"VS","Saltvann",99389,"Zostera marina","UKJENT","UKJENT",2021-08-23,1.3,5.6,"m","Ufiltrert",NA,"=",1,"< 20 cm","<ubenevnt>",NA,NA,NA,NA,1,NA,"N",NA,669457.9,7690588.3,2021
"04.02-108469","Storsletta","ZR11","Kyst","OEKK","Økosystemovervåking i kystvann (ØkoKyst)","Miljødirektoratet","Akvaplan-niva","ANDEKNSK","Dekningsgrad ålegresseng (skala)",NA,"VS","Saltvann",99389,"Zostera marina","UKJENT","UKJENT",2021-08-23,1.9,4.8,"m","Ufiltrert",NA,"=",3,"Flekkvis tett eng (markert flekkvis forekomst)","<ubenevnt>",NA,NA,NA,NA,1,NA,"N",NA,664335.4,7701658.4,2021
"04.02-108469","Storsletta","ZR11","Kyst","OEKK","Økosystemovervåking i kystvann (ØkoKyst)","Miljødirektoratet","Akvaplan-niva","ANNVGR","Nedre voksegrense ålegresseng (takson)",NA,"VS","Saltvann",99389,"Zostera marina","UKJENT","UKJENT",2021-08-23,1.9,4.8,"m","Ufiltrert",NA,"=",4.86,NA,"m",NA,NA,NA,NA,1,NA,"N",NA,664335.4,7701658.4,2021
"04.02-108469","Storsletta","ZR11","Kyst","OEKK","Økosystemovervåking i kystvann (ØkoKyst)","Miljødirektoratet","Akvaplan-niva","MBDEKNSK","Dekningsgrad marine begroingsalger (skala)",NA,"VS","Saltvann",0,"Artsuavhengig","UKJENT","UKJENT",2021-08-23,1.9,4.8,"m","Ufiltrert",NA,"=",3,"Vanlig forekomst (dekningsgrad 15-50%)","<ubenevnt>",NA,NA,NA,NA,1,NA,"N",NA,664335.4,7701658.4,2021
"04.02-108469","Storsletta","ZR11","Kyst","OEKK","Økosystemovervåking i kystvann (ØkoKyst)","Miljødirektoratet","Akvaplan-niva","ANCPHIGHTSK","Canopyhøyde på ålegresseng (skala)",NA,"VS","Saltvann",99389,"Zostera marina","UKJENT","UKJENT",2021-08-23,1.9,4.8,"m","Ufiltrert",NA,"=",1,"< 20 cm","<ubenevnt>",NA,NA,NA,NA,1,NA,"N",NA,664335.4,7701658.4,2021
"02.42-108480","Nedstrand","ZT38","Kyst","OEKK","Økosystemovervåking i kystvann (ØkoKyst)","Miljødirektoratet","NIVA","ANCPHIGHTSK","Canopyhøyde på ålegresseng (skala)",NA,"VS","Saltvann",99389,"Zostera marina","UKJENT","UKJENT",2021-08-17,0,0,"m","Ufiltrert",NA,"=",3,"> 60 cm","<ubenevnt>",NA,NA,NA,NA,1,NA,"N",NA,-19174.7999999998,6613908.6,2021
"02.42-108480","Nedstrand","ZT38","Kyst","OEKK","Økosystemovervåking i kystvann (ØkoKyst)","Miljødirektoratet","NIVA","ANDEKNSK","Dekningsgrad ålegresseng (skala)",NA,"VS","Saltvann",99389,"Zostera marina","UKJENT","UKJENT",2021-08-17,0,0,"m","Ufiltrert",NA,"=",4,"Tett, heldekkende eng","<ubenevnt>",NA,NA,NA,NA,1,NA,"N",NA,-19174.7999999998,6613908.6,2021
"02.42-108480","Nedstrand","ZT38","Kyst","OEKK","Økosystemovervåking i kystvann (ØkoKyst)","Miljødirektoratet","NIVA","ANEQR_E","Angiospermer EQR eutrofiering",NA,"VS","Saltvann",0,"Artsuavhengig","UKJENT","UKJENT",2021-08-17,0,0,"m","Ufiltrert",NA,"=",0.8,NA,"<ubenevnt>",NA,NA,NA,NA,1,NA,"N",NA,-19174.7999999998,6613908.6,2021
"02.42-108480","Nedstrand","ZT38","Kyst","OEKK","Økosystemovervåking i kystvann (ØkoKyst)","Miljødirektoratet","NIVA","ANHIGHTSK","Høyde på ålegresseng (skala)",NA,"VS","Saltvann",99389,"Zostera marina","UKJENT","UKJENT",2021-08-17,0,0,"m","Ufiltrert",NA,"=",3,"> 60 cm","<ubenevnt>",NA,NA,NA,NA,1,NA,"N",NA,-19174.7999999998,6613908.6,2021
"02.42-108480","Nedstrand","ZT38","Kyst","OEKK","Økosystemovervåking i kystvann (ØkoKyst)","Miljødirektoratet","NIVA","ANNVGR","Nedre voksegrense ålegresseng (takson)",NA,"VS","Saltvann",99389,"Zostera marina","UKJENT","UKJENT",2021-08-17,0,0,"m","Ufiltrert",NA,"=",7.22,NA,"m",NA,NA,NA,NA,1,NA,"N",NA,-19174.7999999998,6613908.6,2021
"02.42-108480","Nedstrand","ZT38","Kyst","OEKK","Økosystemovervåking i kystvann (ØkoKyst)","Miljødirektoratet","NIVA","ANNVGRTO","Absolutt nedre voksegrense angiospermer (takson)",NA,"VS","Saltvann",99389,"Zostera marina","UKJENT","UKJENT",2021-08-17,0,0,"m","Ufiltrert",NA,"=",7.22,NA,"m",NA,NA,NA,NA,1,NA,"N",NA,-19174.7999999998,6613908.6,2021
"02.42-108480","Nedstrand","ZT38","Kyst","OEKK","Økosystemovervåking i kystvann (ØkoKyst)","Miljødirektoratet","NIVA","ANTIZM","Eutrofiindeks ålegress (Zostera marina)",NA,"VS","Saltvann",0,"Artsuavhengig","UKJENT","UKJENT",2021-08-17,0,0,"m","Ufiltrert",NA,"=",0.8,NA,"<ubenevnt>",NA,NA,NA,NA,1,NA,"N",NA,-19174.7999999998,6613908.6,2021
"02.42-108480","Nedstrand","ZT38","Kyst","OEKK","Økosystemovervåking i kystvann (ØkoKyst)","Miljødirektoratet","NIVA","MBDEKNSK","Dekningsgrad marine begroingsalger (skala)",NA,"VS","Saltvann",0,"Artsuavhengig","UKJENT","UKJENT",2021-08-17,0,0,"m","Ufiltrert",NA,"=",3,"Vanlig forekomst (dekningsgrad 15-50%)","<ubenevnt>",NA,NA,NA,NA,1,NA,"N",NA,-19174.7999999998,6613908.6,2021
"02.42-108481","Torsteinvika","ZT39","Kyst","OEKK","Økosystemovervåking i kystvann (ØkoKyst)","Miljødirektoratet","NIVA","ANCPHIGHTSK","Canopyhøyde på ålegresseng (skala)",NA,"VS","Saltvann",99389,"Zostera marina","UKJENT","UKJENT",2021-08-17,0,0,"m","Ufiltrert",NA,"=",3,"> 60 cm","<ubenevnt>",NA,NA,NA,NA,1,NA,"N",NA,-31555.9000000004,6581867.4,2021
"02.42-108481","Torsteinvika","ZT39","Kyst","OEKK","Økosystemovervåking i kystvann (ØkoKyst)","Miljødirektoratet","NIVA","ANDEKNSK","Dekningsgrad ålegresseng (skala)",NA,"VS","Saltvann",99389,"Zostera marina","UKJENT","UKJENT",2021-08-17,0,0,"m","Ufiltrert",NA,"=",4,"Tett, heldekkende eng","<ubenevnt>",NA,NA,NA,NA,1,NA,"N",NA,-31555.9000000004,6581867.4,2021
"02.42-108481","Torsteinvika","ZT39","Kyst","OEKK","Økosystemovervåking i kystvann (ØkoKyst)","Miljødirektoratet","NIVA","ANEQR_E","Angiospermer EQR eutrofiering",NA,"VS","Saltvann",0,"Artsuavhengig","UKJENT","UKJENT",2021-08-17,0,0,"m","Ufiltrert",NA,"=",0.9,NA,"<ubenevnt>",NA,NA,NA,NA,1,NA,"N",NA,-31555.9000000004,6581867.4,2021
"02.42-108481","Torsteinvika","ZT39","Kyst","OEKK","Økosystemovervåking i kystvann (ØkoKyst)","Miljødirektoratet","NIVA","ANHIGHTSK","Høyde på ålegresseng (skala)",NA,"VS","Saltvann",99389,"Zostera marina","UKJENT","UKJENT",2021-08-17,0,0,"m","Ufiltrert",NA,"=",3,"> 60 cm","<ubenevnt>",NA,NA,NA,NA,1,NA,"N",NA,-31555.9000000004,6581867.4,2021
"02.42-108481","Torsteinvika","ZT39","Kyst","OEKK","Økosystemovervåking i kystvann (ØkoKyst)","Miljødirektoratet","NIVA","ANNVGR","Nedre voksegrense ålegresseng (takson)",NA,"VS","Saltvann",99389,"Zostera marina","UKJENT","UKJENT",2021-08-17,0,0,"m","Ufiltrert",NA,"=",8.94,NA,"m",NA,NA,NA,NA,1,NA,"N",NA,-31555.9000000004,6581867.4,2021
"02.42-108481","Torsteinvika","ZT39","Kyst","OEKK","Økosystemovervåking i kystvann (ØkoKyst)","Miljødirektoratet","NIVA","ANNVGRTO","Absolutt nedre voksegrense angiospermer (takson)",NA,"VS","Saltvann",99389,"Zostera marina","UKJENT","UKJENT",2021-08-17,0,0,"m","Ufiltrert",NA,"=",9.24,NA,"m",NA,NA,NA,NA,1,NA,"N",NA,-31555.9000000004,6581867.4,2021
"02.42-108481","Torsteinvika","ZT39","Kyst","OEKK","Økosystemovervåking i kystvann (ØkoKyst)","Miljødirektoratet","NIVA","ANTIZM","Eutrofiindeks ålegress (Zostera marina)",NA,"VS","Saltvann",0,"Artsuavhengig","UKJENT","UKJENT",2021-08-17,0,0,"m","Ufiltrert",NA,"=",0.9,NA,"<ubenevnt>",NA,NA,NA,NA,1,NA,"N",NA,-31555.9000000004,6581867.4,2021
"02.42-108481","Torsteinvika","ZT39","Kyst","OEKK","Økosystemovervåking i kystvann (ØkoKyst)","Miljødirektoratet","NIVA","MBDEKNSK","Dekningsgrad marine begroingsalger (skala)",NA,"VS","Saltvann",0,"Artsuavhengig","UKJENT","UKJENT",2021-08-17,0,0,"m","Ufiltrert",NA,"=",3,"Vanlig forekomst (dekningsgrad 15-50%)","<ubenevnt>",NA,NA,NA,NA,1,NA,"N",NA,-31555.9000000004,6581867.4,2021
"02.80-108482","Midttunvågen","ZT34","Kyst","OEKK","Økosystemovervåking i kystvann (ØkoKyst)","Miljødirektoratet","NIVA","ANCPHIGHTSK","Canopyhøyde på ålegresseng (skala)",NA,"VS","Saltvann",99389,"Zostera marina","UKJENT","UKJENT",2021-08-11,0,0,"m","Ufiltrert",NA,"=",3,"> 60 cm","<ubenevnt>",NA,NA,NA,NA,1,NA,"N",NA,-35119.2999999998,6801574.8,2021
"02.80-108482","Midttunvågen","ZT34","Kyst","OEKK","Økosystemovervåking i kystvann (ØkoKyst)","Miljødirektoratet","NIVA","ANDEKNSK","Dekningsgrad ålegresseng (skala)",NA,"VS","Saltvann",99389,"Zostera marina","UKJENT","UKJENT",2021-08-11,0,0,"m","Ufiltrert",NA,"=",3,"Flekkvis tett eng (markert flekkvis forekomst)","<ubenevnt>",NA,NA,NA,NA,1,NA,"N",NA,-35119.2999999998,6801574.8,2021
"02.80-108482","Midttunvågen","ZT34","Kyst","OEKK","Økosystemovervåking i kystvann (ØkoKyst)","Miljødirektoratet","NIVA","ANEQR_E","Angiospermer EQR eutrofiering",NA,"VS","Saltvann",0,"Artsuavhengig","UKJENT","UKJENT",2021-08-11,0,0,"m","Ufiltrert",NA,"=",0.525,NA,"<ubenevnt>",NA,NA,NA,NA,1,NA,"N",NA,-35119.2999999998,6801574.8,2021
"02.80-108482","Midttunvågen","ZT34","Kyst","OEKK","Økosystemovervåking i kystvann (ØkoKyst)","Miljødirektoratet","NIVA","ANHIGHTSK","Høyde på ålegresseng (skala)",NA,"VS","Saltvann",99389,"Zostera marina","UKJENT","UKJENT",2021-08-11,0,0,"m","Ufiltrert",NA,"=",3,"> 60 cm","<ubenevnt>",NA,NA,NA,NA,1,NA,"N",NA,-35119.2999999998,6801574.8,2021
"02.80-108482","Midttunvågen","ZT34","Kyst","OEKK","Økosystemovervåking i kystvann (ØkoKyst)","Miljødirektoratet","NIVA","ANNVGR","Nedre voksegrense ålegresseng (takson)",NA,"VS","Saltvann",99389,"Zostera marina","UKJENT","UKJENT",2021-08-11,0,0,"m","Ufiltrert",NA,"=",3.97,NA,"m",NA,NA,NA,NA,1,NA,"N",NA,-35119.2999999998,6801574.8,2021
"02.80-108482","Midttunvågen","ZT34","Kyst","OEKK","Økosystemovervåking i kystvann (ØkoKyst)","Miljødirektoratet","NIVA","ANNVGRTO","Absolutt nedre voksegrense angiospermer (takson)",NA,"VS","Saltvann",99389,"Zostera marina","UKJENT","UKJENT",2021-08-11,0,0,"m","Ufiltrert",NA,"=",4.16,NA,"m",NA,NA,NA,NA,1,NA,"N",NA,-35119.2999999998,6801574.8,2021
"02.80-108482","Midttunvågen","ZT34","Kyst","OEKK","Økosystemovervåking i kystvann (ØkoKyst)","Miljødirektoratet","NIVA","ANTIZM","Eutrofiindeks ålegress (Zostera marina)",NA,"VS","Saltvann",0,"Artsuavhengig","UKJENT","UKJENT",2021-08-11,0,0,"m","Ufiltrert",NA,"=",0.525,NA,"<ubenevnt>",NA,NA,NA,NA,1,NA,"N",NA,-35119.2999999998,6801574.8,2021
"02.80-108482","Midttunvågen","ZT34","Kyst","OEKK","Økosystemovervåking i kystvann (ØkoKyst)","Miljødirektoratet","NIVA","MBDEKNSK","Dekningsgrad marine begroingsalger (skala)",NA,"VS","Saltvann",0,"Artsuavhengig","UKJENT","UKJENT",2021-08-11,0,0,"m","Ufiltrert",NA,"=",3,"Vanlig forekomst (dekningsgrad 15-50%)","<ubenevnt>",NA,NA,NA,NA,1,NA,"N",NA,-35119.2999999998,6801574.8,2021
"02.42-108483","Vikevågen","ZT37","Kyst","OEKK","Økosystemovervåking i kystvann (ØkoKyst)","Miljødirektoratet","NIVA","ANCPHIGHTSK","Canopyhøyde på ålegresseng (skala)",NA,"VS","Saltvann",99389,"Zostera marina","UKJENT","UKJENT",2021-08-17,0,0,"m","Ufiltrert",NA,"=",2,"20 - 60 cm","<ubenevnt>",NA,NA,NA,NA,1,NA,"N",NA,-54926.5999999996,6597495.7,2021
"02.42-108483","Vikevågen","ZT37","Kyst","OEKK","Økosystemovervåking i kystvann (ØkoKyst)","Miljødirektoratet","NIVA","ANDEKNSK","Dekningsgrad ålegresseng (skala)",NA,"VS","Saltvann",99389,"Zostera marina","UKJENT","UKJENT",2021-08-17,0,0,"m","Ufiltrert",NA,"=",3,"Flekkvis tett eng (markert flekkvis forekomst)","<ubenevnt>",NA,NA,NA,NA,1,NA,"N",NA,-54926.5999999996,6597495.7,2021
"02.42-108483","Vikevågen","ZT37","Kyst","OEKK","Økosystemovervåking i kystvann (ØkoKyst)","Miljødirektoratet","NIVA","ANEQR_E","Angiospermer EQR eutrofiering",NA,"VS","Saltvann",0,"Artsuavhengig","UKJENT","UKJENT",2021-08-17,0,0,"m","Ufiltrert",NA,"=",0,NA,"<ubenevnt>",NA,NA,NA,NA,1,NA,"N",NA,-54926.5999999996,6597495.7,2021
"02.42-108483","Vikevågen","ZT37","Kyst","OEKK","Økosystemovervåking i kystvann (ØkoKyst)","Miljødirektoratet","NIVA","ANHIGHTSK","Høyde på ålegresseng (skala)",NA,"VS","Saltvann",99389,"Zostera marina","UKJENT","UKJENT",2021-08-17,0,0,"m","Ufiltrert",NA,"=",2,"20 - 60 cm","<ubenevnt>",NA,NA,NA,NA,1,NA,"N",NA,-54926.5999999996,6597495.7,2021
"02.42-108483","Vikevågen","ZT37","Kyst","OEKK","Økosystemovervåking i kystvann (ØkoKyst)","Miljødirektoratet","NIVA","ANNVGR","Nedre voksegrense ålegresseng (takson)",NA,"VS","Saltvann",99389,"Zostera marina","UKJENT","UKJENT",2021-08-17,0,0,"m","Ufiltrert",NA,"=",1.5,NA,"m",NA,NA,NA,NA,1,NA,"N",NA,-54926.5999999996,6597495.7,2021
"02.42-108483","Vikevågen","ZT37","Kyst","OEKK","Økosystemovervåking i kystvann (ØkoKyst)","Miljødirektoratet","NIVA","ANNVGRTO","Absolutt nedre voksegrense angiospermer (takson)",NA,"VS","Saltvann",99389,"Zostera marina","UKJENT","UKJENT",2021-08-17,0,0,"m","Ufiltrert",NA,"=",1.6,NA,"m",NA,NA,NA,NA,1,NA,"N",NA,-54926.5999999996,6597495.7,2021
"02.42-108483","Vikevågen","ZT37","Kyst","OEKK","Økosystemovervåking i kystvann (ØkoKyst)","Miljødirektoratet","NIVA","ANTIZM","Eutrofiindeks ålegress (Zostera marina)",NA,"VS","Saltvann",0,"Artsuavhengig","UKJENT","UKJENT",2021-08-17,0,0,"m","Ufiltrert",NA,"=",0,NA,"<ubenevnt>",NA,NA,NA,NA,1,NA,"N",NA,-54926.5999999996,6597495.7,2021
"02.42-108483","Vikevågen","ZT37","Kyst","OEKK","Økosystemovervåking i kystvann (ØkoKyst)","Miljødirektoratet","NIVA","MBDEKNSK","Dekningsgrad marine begroingsalger (skala)",NA,"VS","Saltvann",0,"Artsuavhengig","UKJENT","UKJENT",2021-08-17,0,0,"m","Ufiltrert",NA,"=",1,"Lite begroingsalger","<ubenevnt>",NA,NA,NA,NA,1,NA,"N",NA,-54926.5999999996,6597495.7,2021
"03.20-108479","Leksvik","ZT29","Kyst","OEKK","Økosystemovervåking i kystvann (ØkoKyst)","Miljødirektoratet","NIVA","ANNVGRTO","Absolutt nedre voksegrense angiospermer (takson)",NA,"VS","Saltvann",99389,"Zostera marina","UKJENT","UKJENT",2021-08-13,0,0,"m","Ufiltrert",NA,"=",3.11,NA,"m",NA,NA,NA,NA,1,NA,"N",NA,282939.6,7067049.8,2021
"03.20-108478","Sundsbukta","ZR9","Kyst","OEKK","Økosystemovervåking i kystvann (ØkoKyst)","Miljødirektoratet","NIVA","ANCPHIGHTSK","Canopyhøyde på ålegresseng (skala)",NA,"VS","Saltvann",99389,"Zostera marina","UKJENT","UKJENT",2021-08-13,0,0,"m","Ufiltrert",NA,"=",2,"20 - 60 cm","<ubenevnt>",NA,NA,NA,NA,1,NA,"N",NA,247631.4,7060397,2021
"03.20-108478","Sundsbukta","ZR9","Kyst","OEKK","Økosystemovervåking i kystvann (ØkoKyst)","Miljødirektoratet","NIVA","ANDEKNSK","Dekningsgrad ålegresseng (skala)",NA,"VS","Saltvann",99389,"Zostera marina","UKJENT","UKJENT",2021-08-13,0,0,"m","Ufiltrert",NA,"=",2,"Spredte planter (glissen eng)","<ubenevnt>",NA,NA,NA,NA,1,NA,"N",NA,247631.4,7060397,2021
"03.20-108478","Sundsbukta","ZR9","Kyst","OEKK","Økosystemovervåking i kystvann (ØkoKyst)","Miljødirektoratet","NIVA","ANHIGHTSK","Høyde på ålegresseng (skala)",NA,"VS","Saltvann",99389,"Zostera marina","UKJENT","UKJENT",2021-08-13,0,0,"m","Ufiltrert",NA,"=",2,"20 - 60 cm","<ubenevnt>",NA,NA,NA,NA,1,NA,"N",NA,247631.4,7060397,2021
"03.20-108478","Sundsbukta","ZR9","Kyst","OEKK","Økosystemovervåking i kystvann (ØkoKyst)","Miljødirektoratet","NIVA","ANNVGR","Nedre voksegrense ålegresseng (takson)",NA,"VS","Saltvann",99389,"Zostera marina","UKJENT","UKJENT",2021-08-13,0,0,"m","Ufiltrert",NA,"=",0.71,NA,"m",NA,NA,NA,NA,1,NA,"N",NA,247631.4,7060397,2021
"03.20-108478","Sundsbukta","ZR9","Kyst","OEKK","Økosystemovervåking i kystvann (ØkoKyst)","Miljødirektoratet","NIVA","ANNVGRTO","Absolutt nedre voksegrense angiospermer (takson)",NA,"VS","Saltvann",99389,"Zostera marina","UKJENT","UKJENT",2021-08-13,0,0,"m","Ufiltrert",NA,"=",0.87,NA,"m",NA,NA,NA,NA,1,NA,"N",NA,247631.4,7060397,2021
"03.20-108478","Sundsbukta","ZR9","Kyst","OEKK","Økosystemovervåking i kystvann (ØkoKyst)","Miljødirektoratet","NIVA","ANTIZM","Eutrofiindeks ålegress (Zostera marina)",NA,"VS","Saltvann",0,"Artsuavhengig","UKJENT","UKJENT",2021-08-13,0,0,"m","Ufiltrert",NA,"=",0,NA,"<ubenevnt>",NA,NA,NA,NA,1,"Referansestasjonen (Sundsbukta, ZR9) ble regnet som en såpass dårlig lokalitet at det ikke var mulig å beregne EQR-verdi eller vurdert tilstand for denne etter etablert metode.","N",NA,247631.4,7060397,2021
"03.20-108478","Sundsbukta","ZR9","Kyst","OEKK","Økosystemovervåking i kystvann (ØkoKyst)","Miljødirektoratet","NIVA","MBDEKNSK","Dekningsgrad marine begroingsalger (skala)",NA,"VS","Saltvann",0,"Artsuavhengig","UKJENT","UKJENT",2021-08-13,0,0,"m","Ufiltrert",NA,"=",1,"Lite begroingsalger","<ubenevnt>",NA,NA,NA,NA,1,NA,"N",NA,247631.4,7060397,2021
"03.20-108479","Leksvik","ZT29","Kyst","OEKK","Økosystemovervåking i kystvann (ØkoKyst)","Miljødirektoratet","NIVA","ANCPHIGHTSK","Canopyhøyde på ålegresseng (skala)",NA,"VS","Saltvann",99389,"Zostera marina","UKJENT","UKJENT",2021-08-13,0,0,"m","Ufiltrert",NA,"=",3,"> 60 cm","<ubenevnt>",NA,NA,NA,NA,1,NA,"N",NA,282939.6,7067049.8,2021
"03.20-108479","Leksvik","ZT29","Kyst","OEKK","Økosystemovervåking i kystvann (ØkoKyst)","Miljødirektoratet","NIVA","ANDEKNSK","Dekningsgrad ålegresseng (skala)",NA,"VS","Saltvann",99389,"Zostera marina","UKJENT","UKJENT",2021-08-13,0,0,"m","Ufiltrert",NA,"=",2,"Spredte planter (glissen eng)","<ubenevnt>",NA,NA,NA,NA,1,NA,"N",NA,282939.6,7067049.8,2021
"03.20-108479","Leksvik","ZT29","Kyst","OEKK","Økosystemovervåking i kystvann (ØkoKyst)","Miljødirektoratet","NIVA","ANEQR_E","Angiospermer EQR eutrofiering",NA,"VS","Saltvann",0,"Artsuavhengig","UKJENT","UKJENT",2021-08-13,0,0,"m","Ufiltrert",NA,"=",0.525,NA,"<ubenevnt>",NA,NA,NA,NA,1,NA,"N",NA,282939.6,7067049.8,2021
"03.20-108479","Leksvik","ZT29","Kyst","OEKK","Økosystemovervåking i kystvann (ØkoKyst)","Miljødirektoratet","NIVA","ANHIGHTSK","Høyde på ålegresseng (skala)",NA,"VS","Saltvann",99389,"Zostera marina","UKJENT","UKJENT",2021-08-13,0,0,"m","Ufiltrert",NA,"=",3,"> 60 cm","<ubenevnt>",NA,NA,NA,NA,1,NA,"N",NA,282939.6,7067049.8,2021
"03.20-108479","Leksvik","ZT29","Kyst","OEKK","Økosystemovervåking i kystvann (ØkoKyst)","Miljødirektoratet","NIVA","ANNVGR","Nedre voksegrense ålegresseng (takson)",NA,"VS","Saltvann",99389,"Zostera marina","UKJENT","UKJENT",2021-08-13,0,0,"m","Ufiltrert",NA,"=",3.11,NA,"m",NA,NA,NA,NA,1,NA,"N",NA,282939.6,7067049.8,2021
"03.20-108479","Leksvik","ZT29","Kyst","OEKK","Økosystemovervåking i kystvann (ØkoKyst)","Miljødirektoratet","NIVA","ANTIZM","Eutrofiindeks ålegress (Zostera marina)",NA,"VS","Saltvann",0,"Artsuavhengig","UKJENT","UKJENT",2021-08-13,0,0,"m","Ufiltrert",NA,"=",0.525,NA,"<ubenevnt>",NA,NA,NA,NA,1,NA,"N",NA,282939.6,7067049.8,2021
"03.20-108479","Leksvik","ZT29","Kyst","OEKK","Økosystemovervåking i kystvann (ØkoKyst)","Miljødirektoratet","NIVA","MBDEKNSK","Dekningsgrad marine begroingsalger (skala)",NA,"VS","Saltvann",0,"Artsuavhengig","UKJENT","UKJENT",2021-08-13,0,0,"m","Ufiltrert",NA,"=",3,"Vanlig forekomst (dekningsgrad 15-50%)","<ubenevnt>",NA,NA,NA,NA,1,NA,"N",NA,282939.6,7067049.8,2021
"03.20-108478","Sundsbukta","ZR9","Kyst","OEKK","Økosystemovervåking i kystvann (ØkoKyst)","Miljødirektoratet","NIVA","ANEQR_E","Angiospermer EQR eutrofiering",NA,"VS","Saltvann",0,"Artsuavhengig","UKJENT","UKJENT",2021-08-13,0,0,"m","Ufiltrert",NA,"=",0,NA,"<ubenevnt>",NA,NA,NA,NA,1,NA,"N",NA,247631.4,7060397,2021
"04.24-108390","Munkefjord","ZR14","Kyst","OEKK","Økosystemovervåking i kystvann (ØkoKyst)","Miljødirektoratet","Akvaplan-niva","ANDEKNSK","Dekningsgrad ålegresseng (skala)",NA,"VS","Saltvann",99389,"Zostera marina","UKJENT","UKJENT",2023-08-30,0,3,"m","Ufiltrert",NA,"=",2,"Spredte planter (glissen eng)","<ubenevnt>",NA,NA,NA,NA,1,NA,"N",NA,1058489.3,7794751.5,2023
"04.24-108390","Munkefjord","ZR14","Kyst","OEKK","Økosystemovervåking i kystvann (ØkoKyst)","Miljødirektoratet","Akvaplan-niva","ANNVGR","Nedre voksegrense ålegresseng (takson)",NA,"VS","Saltvann",99389,"Zostera marina","UKJENT","UKJENT",2023-08-30,0,3,"m","Ufiltrert",NA,"=",0.79,NA,"m",NA,NA,NA,NA,1,NA,"N",NA,1058489.3,7794751.5,2023
"04.24-108390","Munkefjord","ZR14","Kyst","OEKK","Økosystemovervåking i kystvann (ØkoKyst)","Miljødirektoratet","Akvaplan-niva","ANNVGRTO","Absolutt nedre voksegrense angiospermer (takson)",NA,"VS","Saltvann",99389,"Zostera marina","UKJENT","UKJENT",2023-08-30,0,3,"m","Ufiltrert",NA,"=",1.19,NA,"m",NA,NA,NA,NA,1,NA,"N",NA,1058489.3,7794751.5,2023
"04.24-108390","Munkefjord","ZR14","Kyst","OEKK","Økosystemovervåking i kystvann (ØkoKyst)","Miljødirektoratet","Akvaplan-niva","MBDEKNSK","Dekningsgrad marine begroingsalger (skala)",NA,"VS","Saltvann",0,"Artsuavhengig","UKJENT","UKJENT",2023-08-30,0,3,"m","Ufiltrert",NA,"=",1,"Lite begroingsalger","<ubenevnt>",NA,NA,NA,NA,1,NA,"N",NA,1058489.3,7794751.5,2023
"04.24-108390","Munkefjord","ZR14","Kyst","OEKK","Økosystemovervåking i kystvann (ØkoKyst)","Miljødirektoratet","Akvaplan-niva","ANCPHIGHTSK","Canopyhøyde på ålegresseng (skala)",NA,"VS","Saltvann",99389,"Zostera marina","UKJENT","UKJENT",2023-08-30,0,3,"m","Ufiltrert",NA,"=",2,"20 - 60 cm","<ubenevnt>",NA,NA,NA,NA,1,NA,"N",NA,1058489.3,7794751.5,2023
"04.02-108470","Skjæret","ZR12","Kyst","OEKK","Økosystemovervåking i kystvann (ØkoKyst)","Miljødirektoratet","Akvaplan-niva","ANDEKNSK","Dekningsgrad ålegresseng (skala)",NA,"VS","Saltvann",99389,"Zostera marina","UKJENT","UKJENT",2023-08-21,-0.7,10.3,"m","Ufiltrert",NA,"=",4,"Tett, heldekkende eng","<ubenevnt>",NA,NA,NA,NA,1,NA,"N",NA,669457.9,7690588.3,2023
"04.02-108470","Skjæret","ZR12","Kyst","OEKK","Økosystemovervåking i kystvann (ØkoKyst)","Miljødirektoratet","Akvaplan-niva","ANNVGR","Nedre voksegrense ålegresseng (takson)",NA,"VS","Saltvann",99389,"Zostera marina","UKJENT","UKJENT",2023-08-21,-0.7,10.3,"m","Ufiltrert",NA,"=",1.76,NA,"m",NA,NA,NA,NA,1,NA,"N",NA,669457.9,7690588.3,2023
"04.02-108470","Skjæret","ZR12","Kyst","OEKK","Økosystemovervåking i kystvann (ØkoKyst)","Miljødirektoratet","Akvaplan-niva","ANNVGRTO","Absolutt nedre voksegrense angiospermer (takson)",NA,"VS","Saltvann",99389,"Zostera marina","UKJENT","UKJENT",2023-08-21,-0.7,10.3,"m","Ufiltrert",NA,"=",2.74,NA,"m",NA,NA,NA,NA,1,NA,"N",NA,669457.9,7690588.3,2023
"04.02-108470","Skjæret","ZR12","Kyst","OEKK","Økosystemovervåking i kystvann (ØkoKyst)","Miljødirektoratet","Akvaplan-niva","MBDEKNSK","Dekningsgrad marine begroingsalger (skala)",NA,"VS","Saltvann",0,"Artsuavhengig","UKJENT","UKJENT",2023-08-21,-0.7,10.3,"m","Ufiltrert",NA,"=",1,"Lite begroingsalger","<ubenevnt>",NA,NA,NA,NA,1,NA,"N",NA,669457.9,7690588.3,2023
"04.02-108470","Skjæret","ZR12","Kyst","OEKK","Økosystemovervåking i kystvann (ØkoKyst)","Miljødirektoratet","Akvaplan-niva","ANCPHIGHTSK","Canopyhøyde på ålegresseng (skala)",NA,"VS","Saltvann",99389,"Zostera marina","UKJENT","UKJENT",2023-08-21,-0.7,10.3,"m","Ufiltrert",NA,"=",2,"20 - 60 cm","<ubenevnt>",NA,NA,NA,NA,1,NA,"N",NA,669457.9,7690588.3,2023
"04.02-108469","Storsletta","ZR11","Kyst","OEKK","Økosystemovervåking i kystvann (ØkoKyst)","Miljødirektoratet","Akvaplan-niva","ANDEKNSK","Dekningsgrad ålegresseng (skala)",NA,"VS","Saltvann",99389,"Zostera marina","UKJENT","UKJENT",2023-08-21,-0.85,3,"m","Ufiltrert",NA,"=",3,"Flekkvis tett eng (markert flekkvis forekomst)","<ubenevnt>",NA,NA,NA,NA,1,NA,"N",NA,664335.4,7701658.4,2023
"04.02-108469","Storsletta","ZR11","Kyst","OEKK","Økosystemovervåking i kystvann (ØkoKyst)","Miljødirektoratet","Akvaplan-niva","ANNVGR","Nedre voksegrense ålegresseng (takson)",NA,"VS","Saltvann",99389,"Zostera marina","UKJENT","UKJENT",2023-08-21,-0.85,3,"m","Ufiltrert",NA,"=",0.29,NA,"m",NA,NA,NA,NA,1,NA,"N",NA,664335.4,7701658.4,2023
"04.02-108469","Storsletta","ZR11","Kyst","OEKK","Økosystemovervåking i kystvann (ØkoKyst)","Miljødirektoratet","Akvaplan-niva","ANNVGRTO","Absolutt nedre voksegrense angiospermer (takson)",NA,"VS","Saltvann",99389,"Zostera marina","UKJENT","UKJENT",2023-08-21,-0.85,3,"m","Ufiltrert",NA,"=",0.29,NA,"m",NA,NA,NA,NA,1,NA,"N",NA,664335.4,7701658.4,2023
"04.02-108469","Storsletta","ZR11","Kyst","OEKK","Økosystemovervåking i kystvann (ØkoKyst)","Miljødirektoratet","Akvaplan-niva","MBDEKNSK","Dekningsgrad marine begroingsalger (skala)",NA,"VS","Saltvann",0,"Artsuavhengig","UKJENT","UKJENT",2023-08-21,-0.85,3,"m","Ufiltrert",NA,"=",1,"Lite begroingsalger","<ubenevnt>",NA,NA,NA,NA,1,NA,"N",NA,664335.4,7701658.4,2023
"04.02-108469","Storsletta","ZR11","Kyst","OEKK","Økosystemovervåking i kystvann (ØkoKyst)","Miljødirektoratet","Akvaplan-niva","ANCPHIGHTSK","Canopyhøyde på ålegresseng (skala)",NA,"VS","Saltvann",99389,"Zostera marina","UKJENT","UKJENT",2023-08-21,-0.85,3,"m","Ufiltrert",NA,"=",2,"20 - 60 cm","<ubenevnt>",NA,NA,NA,NA,1,NA,"N",NA,664335.4,7701658.4,2023
"03.20-108479","Leksvik","ZT29","Kyst","OEKK","Økosystemovervåking i kystvann (ØkoKyst)","Miljødirektoratet","NIVA","ANNVGRTO","Absolutt nedre voksegrense angiospermer (takson)",NA,"VS","Saltvann",99389,"Zostera marina","UKJENT","UKJENT",2023-08-16,NA,NA,NA,"Ufiltrert",NA,"=",3.12,NA,"m",NA,NA,NA,NA,1,NA,"N",NA,282939.6,7067049.8,2023
"03.20-111436","Sørhamna","ZR10","Kyst","OEKK","Økosystemovervåking i kystvann (ØkoKyst)","Miljødirektoratet","NIVA","ANEQR_E","Angiospermer EQR eutrofiering",NA,"VS","Saltvann",0,"Artsuavhengig","UKJENT","UKJENT",2022-08-04,NA,NA,NA,"Ufiltrert",NA,"=",0.63,NA,"<ubenevnt>",NA,NA,NA,NA,1,NA,"N",NA,283200.3472,7057237.8608,2022
"03.20-111436","Sørhamna","ZR10","Kyst","OEKK","Økosystemovervåking i kystvann (ØkoKyst)","Miljødirektoratet","NIVA","ANHIGHTSK","Høyde på ålegresseng (skala)",NA,"VS","Saltvann",99389,"Zostera marina","UKJENT","UKJENT",2022-08-04,NA,NA,NA,"Ufiltrert",NA,"=",2,"20 - 60 cm","<ubenevnt>",NA,NA,NA,NA,1,NA,"N",NA,283200.3472,7057237.8608,2022
"03.20-111436","Sørhamna","ZR10","Kyst","OEKK","Økosystemovervåking i kystvann (ØkoKyst)","Miljødirektoratet","NIVA","ANNVGR","Nedre voksegrense ålegresseng (takson)",NA,"VS","Saltvann",99389,"Zostera marina","UKJENT","UKJENT",2022-08-04,NA,NA,NA,"Ufiltrert",NA,"=",3.22,NA,"m",NA,NA,NA,NA,1,NA,"N",NA,283200.3472,7057237.8608,2022
"03.20-111436","Sørhamna","ZR10","Kyst","OEKK","Økosystemovervåking i kystvann (ØkoKyst)","Miljødirektoratet","NIVA","ANNVGRTO","Absolutt nedre voksegrense angiospermer (takson)",NA,"VS","Saltvann",99389,"Zostera marina","UKJENT","UKJENT",2022-08-04,NA,NA,NA,"Ufiltrert",NA,"=",3.22,NA,"m",NA,NA,NA,NA,1,NA,"N",NA,283200.3472,7057237.8608,2022
"03.20-108479","Leksvik","ZT29","Kyst","OEKK","Økosystemovervåking i kystvann (ØkoKyst)","Miljødirektoratet","NIVA","ANCPHIGHTSK","Canopyhøyde på ålegresseng (skala)",NA,"VS","Saltvann",99389,"Zostera marina","UKJENT","UKJENT",2022-08-05,NA,NA,NA,"Ufiltrert",NA,"=",2,"20 - 60 cm","<ubenevnt>",NA,NA,NA,NA,1,NA,"N",NA,282939.6,7067049.8,2022
"03.20-108479","Leksvik","ZT29","Kyst","OEKK","Økosystemovervåking i kystvann (ØkoKyst)","Miljødirektoratet","NIVA","ANTIZM","Eutrofiindeks ålegress (Zostera marina)",NA,"VS","Saltvann",0,"Artsuavhengig","UKJENT","UKJENT",2022-08-05,NA,NA,NA,"Ufiltrert",NA,"=",0.63,NA,"<ubenevnt>",NA,NA,NA,NA,1,NA,"N",NA,282939.6,7067049.8,2022
"03.20-108479","Leksvik","ZT29","Kyst","OEKK","Økosystemovervåking i kystvann (ØkoKyst)","Miljødirektoratet","NIVA","MBDEKNSK","Dekningsgrad marine begroingsalger (skala)",NA,"VS","Saltvann",0,"Artsuavhengig","UKJENT","UKJENT",2022-08-05,NA,NA,NA,"Ufiltrert",NA,"=",1,"Lite begroingsalger","<ubenevnt>",NA,NA,NA,NA,1,NA,"N",NA,282939.6,7067049.8,2022
"03.20-111436","Sørhamna","ZR10","Kyst","OEKK","Økosystemovervåking i kystvann (ØkoKyst)","Miljødirektoratet","NIVA","ANTIZM","Eutrofiindeks ålegress (Zostera marina)",NA,"VS","Saltvann",0,"Artsuavhengig","UKJENT","UKJENT",2022-08-04,NA,NA,NA,"Ufiltrert",NA,"=",0.63,NA,"<ubenevnt>",NA,NA,NA,NA,1,NA,"N",NA,283200.3472,7057237.8608,2022
"03.20-111436","Sørhamna","ZR10","Kyst","OEKK","Økosystemovervåking i kystvann (ØkoKyst)","Miljødirektoratet","NIVA","MBDEKNSK","Dekningsgrad marine begroingsalger (skala)",NA,"VS","Saltvann",0,"Artsuavhengig","UKJENT","UKJENT",2022-08-04,NA,NA,NA,"Ufiltrert",NA,"=",1,"Lite begroingsalger","<ubenevnt>",NA,NA,NA,NA,1,NA,"N",NA,283200.3472,7057237.8608,2022
"03.20-111436","Sørhamna","ZR10","Kyst","OEKK","Økosystemovervåking i kystvann (ØkoKyst)","Miljødirektoratet","NIVA","ANCPHIGHTSK","Canopyhøyde på ålegresseng (skala)",NA,"VS","Saltvann",99389,"Zostera marina","UKJENT","UKJENT",2023-08-17,NA,NA,NA,"Ufiltrert",NA,"=",3,"> 60 cm","<ubenevnt>",NA,NA,NA,NA,1,NA,"N",NA,283200.3472,7057237.8608,2023
"03.20-111436","Sørhamna","ZR10","Kyst","OEKK","Økosystemovervåking i kystvann (ØkoKyst)","Miljødirektoratet","NIVA","ANDEKNSK","Dekningsgrad ålegresseng (skala)",NA,"VS","Saltvann",99389,"Zostera marina","UKJENT","UKJENT",2023-08-17,NA,NA,NA,"Ufiltrert",NA,"=",3,"Flekkvis tett eng (markert flekkvis forekomst)","<ubenevnt>",NA,NA,NA,NA,1,NA,"N",NA,283200.3472,7057237.8608,2023
"03.20-108479","Leksvik","ZT29","Kyst","OEKK","Økosystemovervåking i kystvann (ØkoKyst)","Miljødirektoratet","NIVA","ANCPHIGHTSK","Canopyhøyde på ålegresseng (skala)",NA,"VS","Saltvann",99389,"Zostera marina","UKJENT","UKJENT",2023-08-16,NA,NA,NA,"Ufiltrert",NA,"=",2,"20 - 60 cm","<ubenevnt>",NA,NA,NA,NA,1,NA,"N",NA,282939.6,7067049.8,2023
"03.20-108479","Leksvik","ZT29","Kyst","OEKK","Økosystemovervåking i kystvann (ØkoKyst)","Miljødirektoratet","NIVA","ANDEKNSK","Dekningsgrad ålegresseng (skala)",NA,"VS","Saltvann",99389,"Zostera marina","UKJENT","UKJENT",2023-08-16,NA,NA,NA,"Ufiltrert",NA,"=",3,"Flekkvis tett eng (markert flekkvis forekomst)","<ubenevnt>",NA,NA,NA,NA,1,NA,"N",NA,282939.6,7067049.8,2023
"03.20-108479","Leksvik","ZT29","Kyst","OEKK","Økosystemovervåking i kystvann (ØkoKyst)","Miljødirektoratet","NIVA","ANTIZM","Eutrofiindeks ålegress (Zostera marina)",NA,"VS","Saltvann",0,"Artsuavhengig","UKJENT","UKJENT",2023-08-16,NA,NA,NA,"Ufiltrert",NA,"=",0.625,NA,"<ubenevnt>",NA,NA,NA,NA,1,NA,"N",NA,282939.6,7067049.8,2023
"03.20-111436","Sørhamna","ZR10","Kyst","OEKK","Økosystemovervåking i kystvann (ØkoKyst)","Miljødirektoratet","NIVA","ANTIZM","Eutrofiindeks ålegress (Zostera marina)",NA,"VS","Saltvann",0,"Artsuavhengig","UKJENT","UKJENT",2023-08-17,NA,NA,NA,"Ufiltrert",NA,"=",0.625,NA,"<ubenevnt>",NA,NA,NA,NA,1,NA,"N",NA,283200.3472,7057237.8608,2023
"03.20-111436","Sørhamna","ZR10","Kyst","OEKK","Økosystemovervåking i kystvann (ØkoKyst)","Miljødirektoratet","NIVA","MBDEKNSK","Dekningsgrad marine begroingsalger (skala)",NA,"VS","Saltvann",0,"Artsuavhengig","UKJENT","UKJENT",2023-08-17,NA,NA,NA,"Ufiltrert",NA,"=",1,"Lite begroingsalger","<ubenevnt>",NA,NA,NA,NA,1,NA,"N",NA,283200.3472,7057237.8608,2023
"03.20-108479","Leksvik","ZT29","Kyst","OEKK","Økosystemovervåking i kystvann (ØkoKyst)","Miljødirektoratet","NIVA","MBDEKNSK","Dekningsgrad marine begroingsalger (skala)",NA,"VS","Saltvann",0,"Artsuavhengig","UKJENT","UKJENT",2023-08-16,NA,NA,NA,"Ufiltrert",NA,"=",1,"Lite begroingsalger","<ubenevnt>",NA,NA,NA,NA,1,NA,"N",NA,282939.6,7067049.8,2023
"03.20-108479","Leksvik","ZT29","Kyst","OEKK","Økosystemovervåking i kystvann (ØkoKyst)","Miljødirektoratet","NIVA","ANDEKNSK","Dekningsgrad ålegresseng (skala)",NA,"VS","Saltvann",99389,"Zostera marina","UKJENT","UKJENT",2022-08-05,NA,NA,NA,"Ufiltrert",NA,"=",3,"Flekkvis tett eng (markert flekkvis forekomst)","<ubenevnt>",NA,NA,NA,NA,1,NA,"N",NA,282939.6,7067049.8,2022
"03.20-111436","Sørhamna","ZR10","Kyst","OEKK","Økosystemovervåking i kystvann (ØkoKyst)","Miljødirektoratet","NIVA","ANCPHIGHTSK","Canopyhøyde på ålegresseng (skala)",NA,"VS","Saltvann",99389,"Zostera marina","UKJENT","UKJENT",2022-08-04,NA,NA,NA,"Ufiltrert",NA,"=",2,"20 - 60 cm","<ubenevnt>",NA,NA,NA,NA,1,NA,"N",NA,283200.3472,7057237.8608,2022
"03.20-111436","Sørhamna","ZR10","Kyst","OEKK","Økosystemovervåking i kystvann (ØkoKyst)","Miljødirektoratet","NIVA","ANEQR_E","Angiospermer EQR eutrofiering",NA,"VS","Saltvann",0,"Artsuavhengig","UKJENT","UKJENT",2023-08-17,NA,NA,NA,"Ufiltrert",NA,"=",0.625,NA,"<ubenevnt>",NA,NA,NA,NA,1,NA,"N",NA,283200.3472,7057237.8608,2023
"03.20-111436","Sørhamna","ZR10","Kyst","OEKK","Økosystemovervåking i kystvann (ØkoKyst)","Miljødirektoratet","NIVA","ANHIGHTSK","Høyde på ålegresseng (skala)",NA,"VS","Saltvann",99389,"Zostera marina","UKJENT","UKJENT",2023-08-17,NA,NA,NA,"Ufiltrert",NA,"=",3,"> 60 cm","<ubenevnt>",NA,NA,NA,NA,1,NA,"N",NA,283200.3472,7057237.8608,2023
"03.20-111436","Sørhamna","ZR10","Kyst","OEKK","Økosystemovervåking i kystvann (ØkoKyst)","Miljødirektoratet","NIVA","ANNVGR","Nedre voksegrense ålegresseng (takson)",NA,"VS","Saltvann",99389,"Zostera marina","UKJENT","UKJENT",2023-08-17,NA,NA,NA,"Ufiltrert",NA,"=",3.62,NA,"m",NA,NA,NA,NA,1,NA,"N",NA,283200.3472,7057237.8608,2023
"03.20-111436","Sørhamna","ZR10","Kyst","OEKK","Økosystemovervåking i kystvann (ØkoKyst)","Miljødirektoratet","NIVA","ANNVGRTO","Absolutt nedre voksegrense angiospermer (takson)",NA,"VS","Saltvann",99389,"Zostera marina","UKJENT","UKJENT",2023-08-17,NA,NA,NA,"Ufiltrert",NA,"=",3.62,NA,"m",NA,NA,NA,NA,1,NA,"N",NA,283200.3472,7057237.8608,2023
"03.20-111436","Sørhamna","ZR10","Kyst","OEKK","Økosystemovervåking i kystvann (ØkoKyst)","Miljødirektoratet","NIVA","ANDEKNSK","Dekningsgrad ålegresseng (skala)",NA,"VS","Saltvann",99389,"Zostera marina","UKJENT","UKJENT",2022-08-04,NA,NA,NA,"Ufiltrert",NA,"=",3,"Flekkvis tett eng (markert flekkvis forekomst)","<ubenevnt>",NA,NA,NA,NA,1,NA,"N",NA,283200.3472,7057237.8608,2022
"03.20-108479","Leksvik","ZT29","Kyst","OEKK","Økosystemovervåking i kystvann (ØkoKyst)","Miljødirektoratet","NIVA","ANEQR_E","Angiospermer EQR eutrofiering",NA,"VS","Saltvann",0,"Artsuavhengig","UKJENT","UKJENT",2023-08-16,NA,NA,NA,"Ufiltrert",NA,"=",0.625,NA,"<ubenevnt>",NA,NA,NA,NA,1,NA,"N",NA,282939.6,7067049.8,2023
"03.20-108479","Leksvik","ZT29","Kyst","OEKK","Økosystemovervåking i kystvann (ØkoKyst)","Miljødirektoratet","NIVA","ANHIGHTSK","Høyde på ålegresseng (skala)",NA,"VS","Saltvann",99389,"Zostera marina","UKJENT","UKJENT",2023-08-16,NA,NA,NA,"Ufiltrert",NA,"=",2,"20 - 60 cm","<ubenevnt>",NA,NA,NA,NA,1,NA,"N",NA,282939.6,7067049.8,2023
"03.20-108479","Leksvik","ZT29","Kyst","OEKK","Økosystemovervåking i kystvann (ØkoKyst)","Miljødirektoratet","NIVA","ANNVGR","Nedre voksegrense ålegresseng (takson)",NA,"VS","Saltvann",99389,"Zostera marina","UKJENT","UKJENT",2023-08-16,NA,NA,NA,"Ufiltrert",NA,"=",3.1,NA,"m",NA,NA,NA,NA,1,NA,"N",NA,282939.6,7067049.8,2023
"03.20-108479","Leksvik","ZT29","Kyst","OEKK","Økosystemovervåking i kystvann (ØkoKyst)","Miljødirektoratet","NIVA","ANEQR_E","Angiospermer EQR eutrofiering",NA,"VS","Saltvann",0,"Artsuavhengig","UKJENT","UKJENT",2022-08-05,NA,NA,NA,"Ufiltrert",NA,"=",0.63,NA,"<ubenevnt>",NA,NA,NA,NA,1,NA,"N",NA,282939.6,7067049.8,2022
"03.20-108479","Leksvik","ZT29","Kyst","OEKK","Økosystemovervåking i kystvann (ØkoKyst)","Miljødirektoratet","NIVA","ANHIGHTSK","Høyde på ålegresseng (skala)",NA,"VS","Saltvann",99389,"Zostera marina","UKJENT","UKJENT",2022-08-05,NA,NA,NA,"Ufiltrert",NA,"=",2,"20 - 60 cm","<ubenevnt>",NA,NA,NA,NA,1,NA,"N",NA,282939.6,7067049.8,2022
"03.20-108479","Leksvik","ZT29","Kyst","OEKK","Økosystemovervåking i kystvann (ØkoKyst)","Miljødirektoratet","NIVA","ANNVGR","Nedre voksegrense ålegresseng (takson)",NA,"VS","Saltvann",99389,"Zostera marina","UKJENT","UKJENT",2022-08-05,NA,NA,NA,"Ufiltrert",NA,"=",2.32,NA,"m",NA,NA,NA,NA,1,NA,"N",NA,282939.6,7067049.8,2022
"03.20-108479","Leksvik","ZT29","Kyst","OEKK","Økosystemovervåking i kystvann (ØkoKyst)","Miljødirektoratet","NIVA","ANNVGRTO","Absolutt nedre voksegrense angiospermer (takson)",NA,"VS","Saltvann",99389,"Zostera marina","UKJENT","UKJENT",2022-08-05,NA,NA,NA,"Ufiltrert",NA,"=",3.22,NA,"m",NA,NA,NA,NA,1,NA,"N",NA,282939.6,7067049.8,2022
"02.42-108481","Torsteinvika","ZT39","Kyst","OEKK","Økosystemovervåking i kystvann (ØkoKyst)","Miljødirektoratet","NIVA","ANHIGHTSK","Høyde på ålegresseng (skala)",NA,"VS","Saltvann",99389,"Zostera marina","UKJENT","UKJENT",2022-08-09,NA,NA,NA,"Ufiltrert",NA,"=",3,"> 60 cm","<ubenevnt>",NA,NA,NA,NA,1,NA,"N",NA,-31555.9000000004,6581867.4,2022
"02.42-111435","Jonebukta","ZT36","Kyst","OEKK","Økosystemovervåking i kystvann (ØkoKyst)","Miljødirektoratet","NIVA","ANEQR_E","Angiospermer EQR eutrofiering",NA,"VS","Saltvann",0,"Artsuavhengig","UKJENT","UKJENT",2023-08-10,NA,NA,NA,"Ufiltrert",NA,"=",0.825,NA,"<ubenevnt>",NA,NA,NA,NA,1,NA,"N",NA,-48117.9710999997,6609317.0766,2023
"02.42-111435","Jonebukta","ZT36","Kyst","OEKK","Økosystemovervåking i kystvann (ØkoKyst)","Miljødirektoratet","NIVA","ANHIGHTSK","Høyde på ålegresseng (skala)",NA,"VS","Saltvann",99389,"Zostera marina","UKJENT","UKJENT",2023-08-10,NA,NA,NA,"Ufiltrert",NA,"=",3,"> 60 cm","<ubenevnt>",NA,NA,NA,NA,1,NA,"N",NA,-48117.9710999997,6609317.0766,2023
"02.42-111435","Jonebukta","ZT36","Kyst","OEKK","Økosystemovervåking i kystvann (ØkoKyst)","Miljødirektoratet","NIVA","ANNVGR","Nedre voksegrense ålegresseng (takson)",NA,"VS","Saltvann",99389,"Zostera marina","UKJENT","UKJENT",2023-08-10,NA,NA,NA,"Ufiltrert",NA,"=",6.82,NA,"m",NA,NA,NA,NA,1,NA,"N",NA,-48117.9710999997,6609317.0766,2023
"02.42-111435","Jonebukta","ZT36","Kyst","OEKK","Økosystemovervåking i kystvann (ØkoKyst)","Miljødirektoratet","NIVA","ANNVGRTO","Absolutt nedre voksegrense angiospermer (takson)",NA,"VS","Saltvann",99389,"Zostera marina","UKJENT","UKJENT",2023-08-10,NA,NA,NA,"Ufiltrert",NA,"=",7.11,NA,"m",NA,NA,NA,NA,1,NA,"N",NA,-48117.9710999997,6609317.0766,2023
"02.42-108481","Torsteinvika","ZT39","Kyst","OEKK","Økosystemovervåking i kystvann (ØkoKyst)","Miljødirektoratet","NIVA","ANNVGR","Nedre voksegrense ålegresseng (takson)",NA,"VS","Saltvann",99389,"Zostera marina","UKJENT","UKJENT",2022-08-09,NA,NA,NA,"Ufiltrert",NA,"=",9.99,NA,"m",NA,NA,NA,NA,1,NA,"N",NA,-31555.9000000004,6581867.4,2022
"02.42-108481","Torsteinvika","ZT39","Kyst","OEKK","Økosystemovervåking i kystvann (ØkoKyst)","Miljødirektoratet","NIVA","ANNVGRTO","Absolutt nedre voksegrense angiospermer (takson)",NA,"VS","Saltvann",99389,"Zostera marina","UKJENT","UKJENT",2022-08-09,NA,NA,NA,"Ufiltrert",NA,"=",9.99,NA,"m",NA,NA,NA,NA,1,NA,"N",NA,-31555.9000000004,6581867.4,2022
"02.42-108480","Nedstrand","ZT38","Kyst","OEKK","Økosystemovervåking i kystvann (ØkoKyst)","Miljødirektoratet","NIVA","ANEQR_E","Angiospermer EQR eutrofiering",NA,"VS","Saltvann",0,"Artsuavhengig","UKJENT","UKJENT",2022-08-09,NA,NA,NA,"Ufiltrert",NA,"=",0.9,NA,"<ubenevnt>",NA,NA,NA,NA,1,NA,"N",NA,-19174.7999999998,6613908.6,2022
"02.42-108480","Nedstrand","ZT38","Kyst","OEKK","Økosystemovervåking i kystvann (ØkoKyst)","Miljødirektoratet","NIVA","ANHIGHTSK","Høyde på ålegresseng (skala)",NA,"VS","Saltvann",99389,"Zostera marina","UKJENT","UKJENT",2022-08-09,NA,NA,NA,"Ufiltrert",NA,"=",3,"> 60 cm","<ubenevnt>",NA,NA,NA,NA,1,NA,"N",NA,-19174.7999999998,6613908.6,2022
"02.42-108480","Nedstrand","ZT38","Kyst","OEKK","Økosystemovervåking i kystvann (ØkoKyst)","Miljødirektoratet","NIVA","ANNVGR","Nedre voksegrense ålegresseng (takson)",NA,"VS","Saltvann",99389,"Zostera marina","UKJENT","UKJENT",2022-08-09,NA,NA,NA,"Ufiltrert",NA,"=",7.63,NA,"m",NA,NA,NA,NA,1,NA,"N",NA,-19174.7999999998,6613908.6,2022
"02.42-108480","Nedstrand","ZT38","Kyst","OEKK","Økosystemovervåking i kystvann (ØkoKyst)","Miljødirektoratet","NIVA","ANNVGRTO","Absolutt nedre voksegrense angiospermer (takson)",NA,"VS","Saltvann",99389,"Zostera marina","UKJENT","UKJENT",2022-08-09,NA,NA,NA,"Ufiltrert",NA,"=",7.98,NA,"m",NA,NA,NA,NA,1,NA,"N",NA,-19174.7999999998,6613908.6,2022
"02.42-111435","Jonebukta","ZT36","Kyst","OEKK","Økosystemovervåking i kystvann (ØkoKyst)","Miljødirektoratet","NIVA","ANTIZM","Eutrofiindeks ålegress (Zostera marina)",NA,"VS","Saltvann",0,"Artsuavhengig","UKJENT","UKJENT",2023-08-10,NA,NA,NA,"Ufiltrert",NA,"=",0.825,NA,"<ubenevnt>",NA,NA,NA,NA,1,NA,"N",NA,-48117.9710999997,6609317.0766,2023
"02.42-111435","Jonebukta","ZT36","Kyst","OEKK","Økosystemovervåking i kystvann (ØkoKyst)","Miljødirektoratet","NIVA","MBDEKNSK","Dekningsgrad marine begroingsalger (skala)",NA,"VS","Saltvann",0,"Artsuavhengig","UKJENT","UKJENT",2023-08-10,NA,NA,NA,"Ufiltrert",NA,"=",1,"Lite begroingsalger","<ubenevnt>",NA,NA,NA,NA,1,NA,"N",NA,-48117.9710999997,6609317.0766,2023
"02.42-108480","Nedstrand","ZT38","Kyst","OEKK","Økosystemovervåking i kystvann (ØkoKyst)","Miljødirektoratet","NIVA","ANEQR_E","Angiospermer EQR eutrofiering",NA,"VS","Saltvann",0,"Artsuavhengig","UKJENT","UKJENT",2023-08-10,NA,NA,NA,"Ufiltrert",NA,"=",0.95,NA,"<ubenevnt>",NA,NA,NA,NA,1,NA,"N",NA,-19174.7999999998,6613908.6,2023
"02.42-108480","Nedstrand","ZT38","Kyst","OEKK","Økosystemovervåking i kystvann (ØkoKyst)","Miljødirektoratet","NIVA","ANHIGHTSK","Høyde på ålegresseng (skala)",NA,"VS","Saltvann",99389,"Zostera marina","UKJENT","UKJENT",2023-08-10,NA,NA,NA,"Ufiltrert",NA,"=",3,"> 60 cm","<ubenevnt>",NA,NA,NA,NA,1,NA,"N",NA,-19174.7999999998,6613908.6,2023
"02.42-108480","Nedstrand","ZT38","Kyst","OEKK","Økosystemovervåking i kystvann (ØkoKyst)","Miljødirektoratet","NIVA","ANNVGR","Nedre voksegrense ålegresseng (takson)",NA,"VS","Saltvann",99389,"Zostera marina","UKJENT","UKJENT",2023-08-10,NA,NA,NA,"Ufiltrert",NA,"=",8.48,NA,"m",NA,NA,NA,NA,1,NA,"N",NA,-19174.7999999998,6613908.6,2023
"02.42-108480","Nedstrand","ZT38","Kyst","OEKK","Økosystemovervåking i kystvann (ØkoKyst)","Miljødirektoratet","NIVA","ANNVGRTO","Absolutt nedre voksegrense angiospermer (takson)",NA,"VS","Saltvann",99389,"Zostera marina","UKJENT","UKJENT",2023-08-10,NA,NA,NA,"Ufiltrert",NA,"=",8.48,NA,"m",NA,NA,NA,NA,1,NA,"N",NA,-19174.7999999998,6613908.6,2023
"02.42-108480","Nedstrand","ZT38","Kyst","OEKK","Økosystemovervåking i kystvann (ØkoKyst)","Miljødirektoratet","NIVA","ANCPHIGHTSK","Canopyhøyde på ålegresseng (skala)",NA,"VS","Saltvann",99389,"Zostera marina","UKJENT","UKJENT",2022-08-09,NA,NA,NA,"Ufiltrert",NA,"=",3,"> 60 cm","<ubenevnt>",NA,NA,NA,NA,1,NA,"N",NA,-19174.7999999998,6613908.6,2022
"02.42-108481","Torsteinvika","ZT39","Kyst","OEKK","Økosystemovervåking i kystvann (ØkoKyst)","Miljødirektoratet","NIVA","ANCPHIGHTSK","Canopyhøyde på ålegresseng (skala)",NA,"VS","Saltvann",99389,"Zostera marina","UKJENT","UKJENT",2022-08-09,NA,NA,NA,"Ufiltrert",NA,"=",3,"> 60 cm","<ubenevnt>",NA,NA,NA,NA,1,NA,"N",NA,-31555.9000000004,6581867.4,2022
"02.80-108482","Midttunvågen","ZT34","Kyst","OEKK","Økosystemovervåking i kystvann (ØkoKyst)","Miljødirektoratet","NIVA","ANEQR_E","Angiospermer EQR eutrofiering",NA,"VS","Saltvann",0,"Artsuavhengig","UKJENT","UKJENT",2022-08-03,NA,NA,NA,"Ufiltrert",NA,"=",0.7,NA,"<ubenevnt>",NA,NA,NA,NA,1,NA,"N",NA,-35119.2999999998,6801574.8,2022
"02.80-108482","Midttunvågen","ZT34","Kyst","OEKK","Økosystemovervåking i kystvann (ØkoKyst)","Miljødirektoratet","NIVA","ANHIGHTSK","Høyde på ålegresseng (skala)",NA,"VS","Saltvann",99389,"Zostera marina","UKJENT","UKJENT",2022-08-03,NA,NA,NA,"Ufiltrert",NA,"=",3,"> 60 cm","<ubenevnt>",NA,NA,NA,NA,1,NA,"N",NA,-35119.2999999998,6801574.8,2022
"02.80-108482","Midttunvågen","ZT34","Kyst","OEKK","Økosystemovervåking i kystvann (ØkoKyst)","Miljødirektoratet","NIVA","ANNVGR","Nedre voksegrense ålegresseng (takson)",NA,"VS","Saltvann",99389,"Zostera marina","UKJENT","UKJENT",2022-08-03,NA,NA,NA,"Ufiltrert",NA,"=",3.68,NA,"m",NA,NA,NA,NA,1,NA,"N",NA,-35119.2999999998,6801574.8,2022
"02.80-108482","Midttunvågen","ZT34","Kyst","OEKK","Økosystemovervåking i kystvann (ØkoKyst)","Miljødirektoratet","NIVA","ANNVGRTO","Absolutt nedre voksegrense angiospermer (takson)",NA,"VS","Saltvann",99389,"Zostera marina","UKJENT","UKJENT",2022-08-03,NA,NA,NA,"Ufiltrert",NA,"=",3.68,NA,"m",NA,NA,NA,NA,1,NA,"N",NA,-35119.2999999998,6801574.8,2022
"02.80-108482","Midttunvågen","ZT34","Kyst","OEKK","Økosystemovervåking i kystvann (ØkoKyst)","Miljødirektoratet","NIVA","ANEQR_E","Angiospermer EQR eutrofiering",NA,"VS","Saltvann",0,"Artsuavhengig","UKJENT","UKJENT",2023-08-15,NA,NA,NA,"Ufiltrert",NA,"=",0.625,NA,"<ubenevnt>",NA,NA,NA,NA,1,NA,"N",NA,-35119.2999999998,6801574.8,2023
"02.80-108482","Midttunvågen","ZT34","Kyst","OEKK","Økosystemovervåking i kystvann (ØkoKyst)","Miljødirektoratet","NIVA","ANHIGHTSK","Høyde på ålegresseng (skala)",NA,"VS","Saltvann",99389,"Zostera marina","UKJENT","UKJENT",2023-08-15,NA,NA,NA,"Ufiltrert",NA,"=",3,"> 60 cm","<ubenevnt>",NA,NA,NA,NA,1,NA,"N",NA,-35119.2999999998,6801574.8,2023
"02.80-108482","Midttunvågen","ZT34","Kyst","OEKK","Økosystemovervåking i kystvann (ØkoKyst)","Miljødirektoratet","NIVA","ANNVGR","Nedre voksegrense ålegresseng (takson)",NA,"VS","Saltvann",99389,"Zostera marina","UKJENT","UKJENT",2023-08-15,NA,NA,NA,"Ufiltrert",NA,"=",3.85,NA,"m",NA,NA,NA,NA,1,NA,"N",NA,-35119.2999999998,6801574.8,2023
"02.42-108480","Nedstrand","ZT38","Kyst","OEKK","Økosystemovervåking i kystvann (ØkoKyst)","Miljødirektoratet","NIVA","ANTIZM","Eutrofiindeks ålegress (Zostera marina)",NA,"VS","Saltvann",0,"Artsuavhengig","UKJENT","UKJENT",2023-08-10,NA,NA,NA,"Ufiltrert",NA,"=",0.95,NA,"<ubenevnt>",NA,NA,NA,NA,1,NA,"N",NA,-19174.7999999998,6613908.6,2023
"02.42-108480","Nedstrand","ZT38","Kyst","OEKK","Økosystemovervåking i kystvann (ØkoKyst)","Miljødirektoratet","NIVA","MBDEKNSK","Dekningsgrad marine begroingsalger (skala)",NA,"VS","Saltvann",0,"Artsuavhengig","UKJENT","UKJENT",2023-08-10,NA,NA,NA,"Ufiltrert",NA,"=",2,"Spredt forekomst (dekningsgrad <15%)","<ubenevnt>",NA,NA,NA,NA,1,NA,"N",NA,-19174.7999999998,6613908.6,2023
"02.80-108482","Midttunvågen","ZT34","Kyst","OEKK","Økosystemovervåking i kystvann (ØkoKyst)","Miljødirektoratet","NIVA","ANNVGRTO","Absolutt nedre voksegrense angiospermer (takson)",NA,"VS","Saltvann",99389,"Zostera marina","UKJENT","UKJENT",2023-08-15,NA,NA,NA,"Ufiltrert",NA,"=",3.85,NA,"m",NA,NA,NA,NA,1,NA,"N",NA,-35119.2999999998,6801574.8,2023
"02.42-108480","Nedstrand","ZT38","Kyst","OEKK","Økosystemovervåking i kystvann (ØkoKyst)","Miljødirektoratet","NIVA","ANCPHIGHTSK","Canopyhøyde på ålegresseng (skala)",NA,"VS","Saltvann",99389,"Zostera marina","UKJENT","UKJENT",2023-08-10,NA,NA,NA,"Ufiltrert",NA,"=",3,"> 60 cm","<ubenevnt>",NA,NA,NA,NA,1,NA,"N",NA,-19174.7999999998,6613908.6,2023
"02.42-108481","Torsteinvika","ZT39","Kyst","OEKK","Økosystemovervåking i kystvann (ØkoKyst)","Miljødirektoratet","NIVA","ANTIZM","Eutrofiindeks ålegress (Zostera marina)",NA,"VS","Saltvann",0,"Artsuavhengig","UKJENT","UKJENT",2022-08-09,NA,NA,NA,"Ufiltrert",NA,"=",0.95,NA,"<ubenevnt>",NA,NA,NA,NA,1,NA,"N",NA,-31555.9000000004,6581867.4,2022
"02.42-108481","Torsteinvika","ZT39","Kyst","OEKK","Økosystemovervåking i kystvann (ØkoKyst)","Miljødirektoratet","NIVA","MBDEKNSK","Dekningsgrad marine begroingsalger (skala)",NA,"VS","Saltvann",0,"Artsuavhengig","UKJENT","UKJENT",2022-08-09,NA,NA,NA,"Ufiltrert",NA,"=",2,"Spredt forekomst (dekningsgrad <15%)","<ubenevnt>",NA,NA,NA,NA,1,NA,"N",NA,-31555.9000000004,6581867.4,2022
"02.42-111435","Jonebukta","ZT36","Kyst","OEKK","Økosystemovervåking i kystvann (ØkoKyst)","Miljødirektoratet","NIVA","ANCPHIGHTSK","Canopyhøyde på ålegresseng (skala)",NA,"VS","Saltvann",99389,"Zostera marina","UKJENT","UKJENT",2022-08-09,NA,NA,NA,"Ufiltrert",NA,"=",3,"> 60 cm","<ubenevnt>",NA,NA,NA,NA,1,NA,"N",NA,-48117.9710999997,6609317.0766,2022
"02.80-108482","Midttunvågen","ZT34","Kyst","OEKK","Økosystemovervåking i kystvann (ØkoKyst)","Miljødirektoratet","NIVA","ANTIZM","Eutrofiindeks ålegress (Zostera marina)",NA,"VS","Saltvann",0,"Artsuavhengig","UKJENT","UKJENT",2022-08-03,NA,NA,NA,"Ufiltrert",NA,"=",0.7,NA,"<ubenevnt>",NA,NA,NA,NA,1,NA,"N",NA,-35119.2999999998,6801574.8,2022
"02.80-108482","Midttunvågen","ZT34","Kyst","OEKK","Økosystemovervåking i kystvann (ØkoKyst)","Miljødirektoratet","NIVA","MBDEKNSK","Dekningsgrad marine begroingsalger (skala)",NA,"VS","Saltvann",0,"Artsuavhengig","UKJENT","UKJENT",2022-08-03,NA,NA,NA,"Ufiltrert",NA,"=",0,"Ikke påvist","<ubenevnt>",NA,NA,NA,NA,1,NA,"N",NA,-35119.2999999998,6801574.8,2022
"02.42-111435","Jonebukta","ZT36","Kyst","OEKK","Økosystemovervåking i kystvann (ØkoKyst)","Miljødirektoratet","NIVA","ANDEKNSK","Dekningsgrad ålegresseng (skala)",NA,"VS","Saltvann",99389,"Zostera marina","UKJENT","UKJENT",2022-08-09,NA,NA,NA,"Ufiltrert",NA,"=",4,"Tett, heldekkende eng","<ubenevnt>",NA,NA,NA,NA,1,NA,"N",NA,-48117.9710999997,6609317.0766,2022
"02.42-108480","Nedstrand","ZT38","Kyst","OEKK","Økosystemovervåking i kystvann (ØkoKyst)","Miljødirektoratet","NIVA","ANDEKNSK","Dekningsgrad ålegresseng (skala)",NA,"VS","Saltvann",99389,"Zostera marina","UKJENT","UKJENT",2022-08-09,NA,NA,NA,"Ufiltrert",NA,"=",4,"Tett, heldekkende eng","<ubenevnt>",NA,NA,NA,NA,1,NA,"N",NA,-19174.7999999998,6613908.6,2022
"02.42-108480","Nedstrand","ZT38","Kyst","OEKK","Økosystemovervåking i kystvann (ØkoKyst)","Miljødirektoratet","NIVA","ANTIZM","Eutrofiindeks ålegress (Zostera marina)",NA,"VS","Saltvann",0,"Artsuavhengig","UKJENT","UKJENT",2022-08-09,NA,NA,NA,"Ufiltrert",NA,"=",0.9,NA,"<ubenevnt>",NA,NA,NA,NA,1,NA,"N",NA,-19174.7999999998,6613908.6,2022
"02.42-108480","Nedstrand","ZT38","Kyst","OEKK","Økosystemovervåking i kystvann (ØkoKyst)","Miljødirektoratet","NIVA","MBDEKNSK","Dekningsgrad marine begroingsalger (skala)",NA,"VS","Saltvann",0,"Artsuavhengig","UKJENT","UKJENT",2022-08-09,NA,NA,NA,"Ufiltrert",NA,"=",0,"Ikke påvist","<ubenevnt>",NA,NA,NA,NA,1,NA,"N",NA,-19174.7999999998,6613908.6,2022
"02.42-108480","Nedstrand","ZT38","Kyst","OEKK","Økosystemovervåking i kystvann (ØkoKyst)","Miljødirektoratet","NIVA","ANDEKNSK","Dekningsgrad ålegresseng (skala)",NA,"VS","Saltvann",99389,"Zostera marina","UKJENT","UKJENT",2023-08-10,NA,NA,NA,"Ufiltrert",NA,"=",4,"Tett, heldekkende eng","<ubenevnt>",NA,NA,NA,NA,1,NA,"N",NA,-19174.7999999998,6613908.6,2023
"02.42-108481","Torsteinvika","ZT39","Kyst","OEKK","Økosystemovervåking i kystvann (ØkoKyst)","Miljødirektoratet","NIVA","ANDEKNSK","Dekningsgrad ålegresseng (skala)",NA,"VS","Saltvann",99389,"Zostera marina","UKJENT","UKJENT",2022-08-09,NA,NA,NA,"Ufiltrert",NA,"=",4,"Tett, heldekkende eng","<ubenevnt>",NA,NA,NA,NA,1,NA,"N",NA,-31555.9000000004,6581867.4,2022
"02.42-108481","Torsteinvika","ZT39","Kyst","OEKK","Økosystemovervåking i kystvann (ØkoKyst)","Miljødirektoratet","NIVA","ANCPHIGHTSK","Canopyhøyde på ålegresseng (skala)",NA,"VS","Saltvann",99389,"Zostera marina","UKJENT","UKJENT",2023-08-10,NA,NA,NA,"Ufiltrert",NA,"=",3,"> 60 cm","<ubenevnt>",NA,NA,NA,NA,1,NA,"N",NA,-31555.9000000004,6581867.4,2023
"02.80-108482","Midttunvågen","ZT34","Kyst","OEKK","Økosystemovervåking i kystvann (ØkoKyst)","Miljødirektoratet","NIVA","ANCPHIGHTSK","Canopyhøyde på ålegresseng (skala)",NA,"VS","Saltvann",99389,"Zostera marina","UKJENT","UKJENT",2022-08-03,NA,NA,NA,"Ufiltrert",NA,"=",3,"> 60 cm","<ubenevnt>",NA,NA,NA,NA,1,NA,"N",NA,-35119.2999999998,6801574.8,2022
"02.42-108481","Torsteinvika","ZT39","Kyst","OEKK","Økosystemovervåking i kystvann (ØkoKyst)","Miljødirektoratet","NIVA","ANDEKNSK","Dekningsgrad ålegresseng (skala)",NA,"VS","Saltvann",99389,"Zostera marina","UKJENT","UKJENT",2023-08-10,NA,NA,NA,"Ufiltrert",NA,"=",4,"Tett, heldekkende eng","<ubenevnt>",NA,NA,NA,NA,1,NA,"N",NA,-31555.9000000004,6581867.4,2023
"02.42-111435","Jonebukta","ZT36","Kyst","OEKK","Økosystemovervåking i kystvann (ØkoKyst)","Miljødirektoratet","NIVA","ANCPHIGHTSK","Canopyhøyde på ålegresseng (skala)",NA,"VS","Saltvann",99389,"Zostera marina","UKJENT","UKJENT",2023-08-10,NA,NA,NA,"Ufiltrert",NA,"=",3,"> 60 cm","<ubenevnt>",NA,NA,NA,NA,1,NA,"N",NA,-48117.9710999997,6609317.0766,2023
"02.42-111435","Jonebukta","ZT36","Kyst","OEKK","Økosystemovervåking i kystvann (ØkoKyst)","Miljødirektoratet","NIVA","ANEQR_E","Angiospermer EQR eutrofiering",NA,"VS","Saltvann",0,"Artsuavhengig","UKJENT","UKJENT",2022-08-09,NA,NA,NA,"Ufiltrert",NA,"=",0.9,NA,"<ubenevnt>",NA,NA,NA,NA,1,NA,"N",NA,-48117.9710999997,6609317.0766,2022
"02.42-111435","Jonebukta","ZT36","Kyst","OEKK","Økosystemovervåking i kystvann (ØkoKyst)","Miljødirektoratet","NIVA","ANHIGHTSK","Høyde på ålegresseng (skala)",NA,"VS","Saltvann",99389,"Zostera marina","UKJENT","UKJENT",2022-08-09,NA,NA,NA,"Ufiltrert",NA,"=",3,"> 60 cm","<ubenevnt>",NA,NA,NA,NA,1,NA,"N",NA,-48117.9710999997,6609317.0766,2022
"02.42-111435","Jonebukta","ZT36","Kyst","OEKK","Økosystemovervåking i kystvann (ØkoKyst)","Miljødirektoratet","NIVA","ANNVGR","Nedre voksegrense ålegresseng (takson)",NA,"VS","Saltvann",99389,"Zostera marina","UKJENT","UKJENT",2022-08-09,NA,NA,NA,"Ufiltrert",NA,"=",7.13,NA,"m",NA,NA,NA,NA,1,NA,"N",NA,-48117.9710999997,6609317.0766,2022
"02.42-111435","Jonebukta","ZT36","Kyst","OEKK","Økosystemovervåking i kystvann (ØkoKyst)","Miljødirektoratet","NIVA","ANNVGRTO","Absolutt nedre voksegrense angiospermer (takson)",NA,"VS","Saltvann",99389,"Zostera marina","UKJENT","UKJENT",2022-08-09,NA,NA,NA,"Ufiltrert",NA,"=",7.33,NA,"m",NA,NA,NA,NA,1,NA,"N",NA,-48117.9710999997,6609317.0766,2022
"02.80-108482","Midttunvågen","ZT34","Kyst","OEKK","Økosystemovervåking i kystvann (ØkoKyst)","Miljødirektoratet","NIVA","ANTIZM","Eutrofiindeks ålegress (Zostera marina)",NA,"VS","Saltvann",0,"Artsuavhengig","UKJENT","UKJENT",2023-08-15,NA,NA,NA,"Ufiltrert",NA,"=",0.625,NA,"<ubenevnt>",NA,NA,NA,NA,1,NA,"N",NA,-35119.2999999998,6801574.8,2023
"02.80-108482","Midttunvågen","ZT34","Kyst","OEKK","Økosystemovervåking i kystvann (ØkoKyst)","Miljødirektoratet","NIVA","MBDEKNSK","Dekningsgrad marine begroingsalger (skala)",NA,"VS","Saltvann",0,"Artsuavhengig","UKJENT","UKJENT",2023-08-15,NA,NA,NA,"Ufiltrert",NA,"=",1,"Lite begroingsalger","<ubenevnt>",NA,NA,NA,NA,1,NA,"N",NA,-35119.2999999998,6801574.8,2023
"02.42-111435","Jonebukta","ZT36","Kyst","OEKK","Økosystemovervåking i kystvann (ØkoKyst)","Miljødirektoratet","NIVA","ANTIZM","Eutrofiindeks ålegress (Zostera marina)",NA,"VS","Saltvann",0,"Artsuavhengig","UKJENT","UKJENT",2022-08-09,NA,NA,NA,"Ufiltrert",NA,"=",0.9,NA,"<ubenevnt>",NA,NA,NA,NA,1,NA,"N",NA,-48117.9710999997,6609317.0766,2022
"02.42-111435","Jonebukta","ZT36","Kyst","OEKK","Økosystemovervåking i kystvann (ØkoKyst)","Miljødirektoratet","NIVA","MBDEKNSK","Dekningsgrad marine begroingsalger (skala)",NA,"VS","Saltvann",0,"Artsuavhengig","UKJENT","UKJENT",2022-08-09,NA,NA,NA,"Ufiltrert",NA,"=",1,"Lite begroingsalger","<ubenevnt>",NA,NA,NA,NA,1,NA,"N",NA,-48117.9710999997,6609317.0766,2022
"02.42-111435","Jonebukta","ZT36","Kyst","OEKK","Økosystemovervåking i kystvann (ØkoKyst)","Miljødirektoratet","NIVA","ANDEKNSK","Dekningsgrad ålegresseng (skala)",NA,"VS","Saltvann",99389,"Zostera marina","UKJENT","UKJENT",2023-08-10,NA,NA,NA,"Ufiltrert",NA,"=",3,"Flekkvis tett eng (markert flekkvis forekomst)","<ubenevnt>",NA,NA,NA,NA,1,NA,"N",NA,-48117.9710999997,6609317.0766,2023
"02.80-108482","Midttunvågen","ZT34","Kyst","OEKK","Økosystemovervåking i kystvann (ØkoKyst)","Miljødirektoratet","NIVA","ANCPHIGHTSK","Canopyhøyde på ålegresseng (skala)",NA,"VS","Saltvann",99389,"Zostera marina","UKJENT","UKJENT",2023-08-15,NA,NA,NA,"Ufiltrert",NA,"=",3,"> 60 cm","<ubenevnt>",NA,NA,NA,NA,1,NA,"N",NA,-35119.2999999998,6801574.8,2023
"02.80-108482","Midttunvågen","ZT34","Kyst","OEKK","Økosystemovervåking i kystvann (ØkoKyst)","Miljødirektoratet","NIVA","ANDEKNSK","Dekningsgrad ålegresseng (skala)",NA,"VS","Saltvann",99389,"Zostera marina","UKJENT","UKJENT",2023-08-15,NA,NA,NA,"Ufiltrert",NA,"=",3,"Flekkvis tett eng (markert flekkvis forekomst)","<ubenevnt>",NA,NA,NA,NA,1,NA,"N",NA,-35119.2999999998,6801574.8,2023
"02.80-108482","Midttunvågen","ZT34","Kyst","OEKK","Økosystemovervåking i kystvann (ØkoKyst)","Miljødirektoratet","NIVA","ANDEKNSK","Dekningsgrad ålegresseng (skala)",NA,"VS","Saltvann",99389,"Zostera marina","UKJENT","UKJENT",2022-08-03,NA,NA,NA,"Ufiltrert",NA,"=",4,"Tett, heldekkende eng","<ubenevnt>",NA,NA,NA,NA,1,NA,"N",NA,-35119.2999999998,6801574.8,2022
"02.42-108481","Torsteinvika","ZT39","Kyst","OEKK","Økosystemovervåking i kystvann (ØkoKyst)","Miljødirektoratet","NIVA","ANEQR_E","Angiospermer EQR eutrofiering",NA,"VS","Saltvann",0,"Artsuavhengig","UKJENT","UKJENT",2023-08-10,NA,NA,NA,"Ufiltrert",NA,"=",1,NA,"<ubenevnt>",NA,NA,NA,NA,1,NA,"N",NA,-31555.9000000004,6581867.4,2023
"02.42-108481","Torsteinvika","ZT39","Kyst","OEKK","Økosystemovervåking i kystvann (ØkoKyst)","Miljødirektoratet","NIVA","ANHIGHTSK","Høyde på ålegresseng (skala)",NA,"VS","Saltvann",99389,"Zostera marina","UKJENT","UKJENT",2023-08-10,NA,NA,NA,"Ufiltrert",NA,"=",3,"> 60 cm","<ubenevnt>",NA,NA,NA,NA,1,NA,"N",NA,-31555.9000000004,6581867.4,2023
"02.42-108481","Torsteinvika","ZT39","Kyst","OEKK","Økosystemovervåking i kystvann (ØkoKyst)","Miljødirektoratet","NIVA","ANNVGR","Nedre voksegrense ålegresseng (takson)",NA,"VS","Saltvann",99389,"Zostera marina","UKJENT","UKJENT",2023-08-10,NA,NA,NA,"Ufiltrert",NA,"=",9.1,NA,"m",NA,NA,NA,NA,1,NA,"N",NA,-31555.9000000004,6581867.4,2023
"02.42-108481","Torsteinvika","ZT39","Kyst","OEKK","Økosystemovervåking i kystvann (ØkoKyst)","Miljødirektoratet","NIVA","ANNVGRTO","Absolutt nedre voksegrense angiospermer (takson)",NA,"VS","Saltvann",99389,"Zostera marina","UKJENT","UKJENT",2023-08-10,NA,NA,NA,"Ufiltrert",NA,"=",9.1,NA,"m",NA,NA,NA,NA,1,NA,"N",NA,-31555.9000000004,6581867.4,2023
"02.42-108481","Torsteinvika","ZT39","Kyst","OEKK","Økosystemovervåking i kystvann (ØkoKyst)","Miljødirektoratet","NIVA","ANEQR_E","Angiospermer EQR eutrofiering",NA,"VS","Saltvann",0,"Artsuavhengig","UKJENT","UKJENT",2022-08-09,NA,NA,NA,"Ufiltrert",NA,"=",0.95,NA,"<ubenevnt>",NA,NA,NA,NA,1,NA,"N",NA,-31555.9000000004,6581867.4,2022
"02.42-108481","Torsteinvika","ZT39","Kyst","OEKK","Økosystemovervåking i kystvann (ØkoKyst)","Miljødirektoratet","NIVA","ANTIZM","Eutrofiindeks ålegress (Zostera marina)",NA,"VS","Saltvann",0,"Artsuavhengig","UKJENT","UKJENT",2023-08-10,NA,NA,NA,"Ufiltrert",NA,"=",1,NA,"<ubenevnt>",NA,NA,NA,NA,1,NA,"N",NA,-31555.9000000004,6581867.4,2023
"02.42-108481","Torsteinvika","ZT39","Kyst","OEKK","Økosystemovervåking i kystvann (ØkoKyst)","Miljødirektoratet","NIVA","MBDEKNSK","Dekningsgrad marine begroingsalger (skala)",NA,"VS","Saltvann",0,"Artsuavhengig","UKJENT","UKJENT",2023-08-10,NA,NA,NA,"Ufiltrert",NA,"=",1,"Lite begroingsalger","<ubenevnt>",NA,NA,NA,NA,1,NA,"N",NA,-31555.9000000004,6581867.4,2023
"03.20-111436","Sørhamna","ZR10","Kyst","OEKK","Økosystemovervåking i kystvann (ØkoKyst)","Miljødirektoratet","NIVA","ANCPHIGHTSK","Canopyhøyde på ålegresseng (skala)",NA,"VS","Saltvann",99389,"Zostera marina","UKJENT","UKJENT",2024-08-15,0,0,"m","Ufiltrert",NA,"=",3,"> 60 cm","<ubenevnt>",NA,NA,NA,NA,1,NA,"N",NA,283200.3472,7057237.8608,2024
"03.20-108479","Leksvik","ZT29","Kyst","OEKK","Økosystemovervåking i kystvann (ØkoKyst)","Miljødirektoratet","NIVA","ANNVGRTO","Absolutt nedre voksegrense angiospermer (takson)",NA,"VS","Saltvann",99389,"Zostera marina","UKJENT","UKJENT",2024-08-14,0,0,"m","Ufiltrert",NA,"=",3.6,NA,"m",NA,NA,NA,NA,1,NA,"N",NA,282939.6,7067049.8,2024
"03.20-111436","Sørhamna","ZR10","Kyst","OEKK","Økosystemovervåking i kystvann (ØkoKyst)","Miljødirektoratet","NIVA","ANNVGR","Nedre voksegrense ålegresseng (takson)",NA,"VS","Saltvann",99389,"Zostera marina","UKJENT","UKJENT",2024-08-15,0,0,"m","Ufiltrert",NA,"=",3.3,NA,"m",NA,NA,NA,NA,1,NA,"N",NA,283200.3472,7057237.8608,2024
"03.20-108479","Leksvik","ZT29","Kyst","OEKK","Økosystemovervåking i kystvann (ØkoKyst)","Miljødirektoratet","NIVA","ANNVGR","Nedre voksegrense ålegresseng (takson)",NA,"VS","Saltvann",99389,"Zostera marina","UKJENT","UKJENT",2024-08-14,0,0,"m","Ufiltrert",NA,"=",3.3,NA,"m",NA,NA,NA,NA,1,NA,"N",NA,282939.6,7067049.8,2024
"03.20-108479","Leksvik","ZT29","Kyst","OEKK","Økosystemovervåking i kystvann (ØkoKyst)","Miljødirektoratet","NIVA","ANEQR_E","Angiospermer EQR eutrofiering",NA,"VS","Saltvann",0,"Artsuavhengig","UKJENT","UKJENT",2024-08-14,0,0,"m","Ufiltrert",NA,"=",0.58,NA,"<ubenevnt>",NA,NA,NA,NA,1,NA,"N",NA,282939.6,7067049.8,2024
"03.20-111436","Sørhamna","ZR10","Kyst","OEKK","Økosystemovervåking i kystvann (ØkoKyst)","Miljødirektoratet","NIVA","ANDEKNSK","Dekningsgrad ålegresseng (skala)",NA,"VS","Saltvann",99389,"Zostera marina","UKJENT","UKJENT",2024-08-15,0,0,"m","Ufiltrert",NA,"=",3,"Flekkvis tett eng (markert flekkvis forekomst)","<ubenevnt>",NA,NA,NA,NA,1,NA,"N",NA,283200.3472,7057237.8608,2024
"03.20-111436","Sørhamna","ZR10","Kyst","OEKK","Økosystemovervåking i kystvann (ØkoKyst)","Miljødirektoratet","NIVA","ANEQR_E","Angiospermer EQR eutrofiering",NA,"VS","Saltvann",0,"Artsuavhengig","UKJENT","UKJENT",2024-08-15,0,0,"m","Ufiltrert",NA,"=",0.58,NA,"<ubenevnt>",NA,NA,NA,NA,1,NA,"N",NA,283200.3472,7057237.8608,2024
"03.20-108479","Leksvik","ZT29","Kyst","OEKK","Økosystemovervåking i kystvann (ØkoKyst)","Miljødirektoratet","NIVA","ANHIGHTSK","Høyde på ålegresseng (skala)",NA,"VS","Saltvann",99389,"Zostera marina","UKJENT","UKJENT",2024-08-14,0,0,"m","Ufiltrert",NA,"=",3,"> 60 cm","<ubenevnt>",NA,NA,NA,NA,1,NA,"N",NA,282939.6,7067049.8,2024
"03.20-108479","Leksvik","ZT29","Kyst","OEKK","Økosystemovervåking i kystvann (ØkoKyst)","Miljødirektoratet","NIVA","MBDEKNSK","Dekningsgrad marine begroingsalger (skala)",NA,"VS","Saltvann",0,"Artsuavhengig","UKJENT","UKJENT",2024-08-14,0,0,"m","Ufiltrert",NA,"=",2,"Spredt forekomst (dekningsgrad <15%)","<ubenevnt>",NA,NA,NA,NA,1,NA,"N",NA,282939.6,7067049.8,2024
"03.20-111436","Sørhamna","ZR10","Kyst","OEKK","Økosystemovervåking i kystvann (ØkoKyst)","Miljødirektoratet","NIVA","ANNVGRTO","Absolutt nedre voksegrense angiospermer (takson)",NA,"VS","Saltvann",99389,"Zostera marina","UKJENT","UKJENT",2024-08-15,0,0,"m","Ufiltrert",NA,"=",3.3,NA,"m",NA,NA,NA,NA,1,NA,"N",NA,283200.3472,7057237.8608,2024
"03.20-111436","Sørhamna","ZR10","Kyst","OEKK","Økosystemovervåking i kystvann (ØkoKyst)","Miljødirektoratet","NIVA","ANHIGHTSK","Høyde på ålegresseng (skala)",NA,"VS","Saltvann",99389,"Zostera marina","UKJENT","UKJENT",2024-08-15,0,0,"m","Ufiltrert",NA,"=",3,"> 60 cm","<ubenevnt>",NA,NA,NA,NA,1,NA,"N",NA,283200.3472,7057237.8608,2024
"03.20-111436","Sørhamna","ZR10","Kyst","OEKK","Økosystemovervåking i kystvann (ØkoKyst)","Miljødirektoratet","NIVA","ANTIZM","Eutrofiindeks ålegress (Zostera marina)",NA,"VS","Saltvann",0,"Artsuavhengig","UKJENT","UKJENT",2024-08-15,0,0,"m","Ufiltrert",NA,"=",0.575,NA,"<ubenevnt>",NA,NA,NA,NA,1,NA,"N",NA,283200.3472,7057237.8608,2024
"03.20-108479","Leksvik","ZT29","Kyst","OEKK","Økosystemovervåking i kystvann (ØkoKyst)","Miljødirektoratet","NIVA","ANCPHIGHTSK","Canopyhøyde på ålegresseng (skala)",NA,"VS","Saltvann",99389,"Zostera marina","UKJENT","UKJENT",2024-08-14,0,0,"m","Ufiltrert",NA,"=",3,"> 60 cm","<ubenevnt>",NA,NA,NA,NA,1,NA,"N",NA,282939.6,7067049.8,2024
"03.20-108479","Leksvik","ZT29","Kyst","OEKK","Økosystemovervåking i kystvann (ØkoKyst)","Miljødirektoratet","NIVA","ANTIZM","Eutrofiindeks ålegress (Zostera marina)",NA,"VS","Saltvann",0,"Artsuavhengig","UKJENT","UKJENT",2024-08-14,0,0,"m","Ufiltrert",NA,"=",0.575,NA,"<ubenevnt>",NA,NA,NA,NA,1,NA,"N",NA,282939.6,7067049.8,2024
"03.20-111436","Sørhamna","ZR10","Kyst","OEKK","Økosystemovervåking i kystvann (ØkoKyst)","Miljødirektoratet","NIVA","MBDEKNSK","Dekningsgrad marine begroingsalger (skala)",NA,"VS","Saltvann",0,"Artsuavhengig","UKJENT","UKJENT",2024-08-15,0,0,"m","Ufiltrert",NA,"=",2,"Spredt forekomst (dekningsgrad <15%)","<ubenevnt>",NA,NA,NA,NA,1,NA,"N",NA,283200.3472,7057237.8608,2024
"03.20-108479","Leksvik","ZT29","Kyst","OEKK","Økosystemovervåking i kystvann (ØkoKyst)","Miljødirektoratet","NIVA","ANDEKNSK","Dekningsgrad ålegresseng (skala)",NA,"VS","Saltvann",99389,"Zostera marina","UKJENT","UKJENT",2024-08-14,0,0,"m","Ufiltrert",NA,"=",3,"Flekkvis tett eng (markert flekkvis forekomst)","<ubenevnt>",NA,NA,NA,NA,1,NA,"N",NA,282939.6,7067049.8,2024
"04.02-108470","Skjæret","ZR12","Kyst","OEKK","Økosystemovervåking i kystvann (ØkoKyst)","Miljødirektoratet","Akvaplan-niva","ANDEKNSK","Dekningsgrad ålegresseng (skala)",NA,"VS","Saltvann",99389,"Zostera marina","UKJENT","UKJENT",2024-08-29,-1.5,8,"m","Ufiltrert",NA,"=",4,"Tett, heldekkende eng","<ubenevnt>",NA,NA,NA,NA,1,NA,"N",NA,669457.9,7690588.3,2024
"04.02-108470","Skjæret","ZR12","Kyst","OEKK","Økosystemovervåking i kystvann (ØkoKyst)","Miljødirektoratet","Akvaplan-niva","ANNVGR","Nedre voksegrense ålegresseng (takson)",NA,"VS","Saltvann",99389,"Zostera marina","UKJENT","UKJENT",2024-08-29,-1.5,8,"m","Ufiltrert",NA,"=",2.7,NA,"m",NA,NA,NA,NA,1,NA,"N",NA,669457.9,7690588.3,2024
"04.02-108470","Skjæret","ZR12","Kyst","OEKK","Økosystemovervåking i kystvann (ØkoKyst)","Miljødirektoratet","Akvaplan-niva","ANNVGRTO","Absolutt nedre voksegrense angiospermer (takson)",NA,"VS","Saltvann",99389,"Zostera marina","UKJENT","UKJENT",2024-08-29,-1.5,8,"m","Ufiltrert",NA,"=",2.9,NA,"m",NA,NA,NA,NA,1,NA,"N",NA,669457.9,7690588.3,2024
"04.02-108470","Skjæret","ZR12","Kyst","OEKK","Økosystemovervåking i kystvann (ØkoKyst)","Miljødirektoratet","Akvaplan-niva","MBDEKNSK","Dekningsgrad marine begroingsalger (skala)",NA,"VS","Saltvann",0,"Artsuavhengig","UKJENT","UKJENT",2024-08-29,-1.5,8,"m","Ufiltrert",NA,"=",4,"Dominerende forekomst (dekningsgrad >50%)","<ubenevnt>",NA,NA,NA,NA,1,NA,"N",NA,669457.9,7690588.3,2024
"04.02-108470","Skjæret","ZR12","Kyst","OEKK","Økosystemovervåking i kystvann (ØkoKyst)","Miljødirektoratet","Akvaplan-niva","ANCPHIGHTSK","Canopyhøyde på ålegresseng (skala)",NA,"VS","Saltvann",99389,"Zostera marina","UKJENT","UKJENT",2024-08-29,-1.5,8,"m","Ufiltrert",NA,"=",2,"20 - 60 cm","<ubenevnt>",NA,NA,NA,NA,1,NA,"N",NA,669457.9,7690588.3,2024
"04.02-108469","Storsletta","ZR11","Kyst","OEKK","Økosystemovervåking i kystvann (ØkoKyst)","Miljødirektoratet","Akvaplan-niva","ANDEKNSK","Dekningsgrad ålegresseng (skala)",NA,"VS","Saltvann",99389,"Zostera marina","UKJENT","UKJENT",2024-08-29,-1.81,10,"m","Ufiltrert",NA,"=",3,"Flekkvis tett eng (markert flekkvis forekomst)","<ubenevnt>",NA,NA,NA,NA,1,NA,"N",NA,664335.4,7701658.4,2024
"04.02-108469","Storsletta","ZR11","Kyst","OEKK","Økosystemovervåking i kystvann (ØkoKyst)","Miljødirektoratet","Akvaplan-niva","ANNVGR","Nedre voksegrense ålegresseng (takson)",NA,"VS","Saltvann",99389,"Zostera marina","UKJENT","UKJENT",2024-08-29,-1.81,10,"m","Ufiltrert",NA,"=",-0.3,NA,"m",NA,NA,NA,NA,1,NA,"N",NA,664335.4,7701658.4,2024
"04.02-108469","Storsletta","ZR11","Kyst","OEKK","Økosystemovervåking i kystvann (ØkoKyst)","Miljødirektoratet","Akvaplan-niva","ANNVGRTO","Absolutt nedre voksegrense angiospermer (takson)",NA,"VS","Saltvann",99389,"Zostera marina","UKJENT","UKJENT",2024-08-29,-1.81,10,"m","Ufiltrert",NA,"=",1.35,NA,"m",NA,NA,NA,NA,1,NA,"N",NA,664335.4,7701658.4,2024
"04.02-108469","Storsletta","ZR11","Kyst","OEKK","Økosystemovervåking i kystvann (ØkoKyst)","Miljødirektoratet","Akvaplan-niva","MBDEKNSK","Dekningsgrad marine begroingsalger (skala)",NA,"VS","Saltvann",0,"Artsuavhengig","UKJENT","UKJENT",2024-08-29,-1.81,10,"m","Ufiltrert",NA,"=",4,"Dominerende forekomst (dekningsgrad >50%)","<ubenevnt>",NA,NA,NA,NA,1,NA,"N",NA,664335.4,7701658.4,2024
"04.02-108469","Storsletta","ZR11","Kyst","OEKK","Økosystemovervåking i kystvann (ØkoKyst)","Miljødirektoratet","Akvaplan-niva","ANCPHIGHTSK","Canopyhøyde på ålegresseng (skala)",NA,"VS","Saltvann",99389,"Zostera marina","UKJENT","UKJENT",2024-08-29,-1.81,10,"m","Ufiltrert",NA,"=",2,"20 - 60 cm","<ubenevnt>",NA,NA,NA,NA,1,NA,"N",NA,664335.4,7701658.4,2024
"02.42-111435","Jonebukta","ZT36","Kyst","OEKK","Økosystemovervåking i kystvann (ØkoKyst)","Miljødirektoratet","NIVA","ANDEKNSK","Dekningsgrad ålegresseng (skala)",NA,"VS","Saltvann",99389,"Zostera marina","UKJENT","UKJENT",2024-08-07,0,0,"m","Ufiltrert",NA,"=",4,"Tett, heldekkende eng","<ubenevnt>",NA,NA,NA,NA,1,NA,"N",NA,-48117.9710999997,6609317.0766,2024
"02.42-111435","Jonebukta","ZT36","Kyst","OEKK","Økosystemovervåking i kystvann (ØkoKyst)","Miljødirektoratet","NIVA","ANHIGHTSK","Høyde på ålegresseng (skala)",NA,"VS","Saltvann",99389,"Zostera marina","UKJENT","UKJENT",2024-08-07,0,0,"m","Ufiltrert",NA,"=",3,"> 60 cm","<ubenevnt>",NA,NA,NA,NA,1,NA,"N",NA,-48117.9710999997,6609317.0766,2024
"02.42-111435","Jonebukta","ZT36","Kyst","OEKK","Økosystemovervåking i kystvann (ØkoKyst)","Miljødirektoratet","NIVA","ANNVGR","Nedre voksegrense ålegresseng (takson)",NA,"VS","Saltvann",99389,"Zostera marina","UKJENT","UKJENT",2024-08-07,0,0,"m","Ufiltrert",NA,"=",6.9,NA,"m",NA,NA,NA,NA,1,NA,"N",NA,-48117.9710999997,6609317.0766,2024
"02.42-111435","Jonebukta","ZT36","Kyst","OEKK","Økosystemovervåking i kystvann (ØkoKyst)","Miljødirektoratet","NIVA","ANNVGRTO","Absolutt nedre voksegrense angiospermer (takson)",NA,"VS","Saltvann",99389,"Zostera marina","UKJENT","UKJENT",2024-08-07,0,0,"m","Ufiltrert",NA,"=",7.1,NA,"m",NA,NA,NA,NA,1,NA,"N",NA,-48117.9710999997,6609317.0766,2024
"02.42-111435","Jonebukta","ZT36","Kyst","OEKK","Økosystemovervåking i kystvann (ØkoKyst)","Miljødirektoratet","NIVA","ANCPHIGHTSK","Canopyhøyde på ålegresseng (skala)",NA,"VS","Saltvann",99389,"Zostera marina","UKJENT","UKJENT",2024-08-07,0,0,"m","Ufiltrert",NA,"=",3,"> 60 cm","<ubenevnt>",NA,NA,NA,NA,1,NA,"N",NA,-48117.9710999997,6609317.0766,2024
"02.42-111435","Jonebukta","ZT36","Kyst","OEKK","Økosystemovervåking i kystvann (ØkoKyst)","Miljødirektoratet","NIVA","ANEQR_E","Angiospermer EQR eutrofiering",NA,"VS","Saltvann",0,"Artsuavhengig","UKJENT","UKJENT",2024-08-07,0,0,"m","Ufiltrert",NA,"=",0.9,NA,"<ubenevnt>",NA,NA,NA,NA,1,NA,"N",NA,-48117.9710999997,6609317.0766,2024
"02.42-111435","Jonebukta","ZT36","Kyst","OEKK","Økosystemovervåking i kystvann (ØkoKyst)","Miljødirektoratet","NIVA","ANTIZM","Eutrofiindeks ålegress (Zostera marina)",NA,"VS","Saltvann",0,"Artsuavhengig","UKJENT","UKJENT",2024-08-07,0,0,"m","Ufiltrert",NA,"=",0.9,NA,"<ubenevnt>",NA,NA,NA,NA,1,NA,"N",NA,-48117.9710999997,6609317.0766,2024
"02.42-111435","Jonebukta","ZT36","Kyst","OEKK","Økosystemovervåking i kystvann (ØkoKyst)","Miljødirektoratet","NIVA","MBDEKNSK","Dekningsgrad marine begroingsalger (skala)",NA,"VS","Saltvann",0,"Artsuavhengig","UKJENT","UKJENT",2024-08-07,0,0,"m","Ufiltrert",NA,"=",0,"Ikke påvist","<ubenevnt>",NA,NA,NA,NA,1,NA,"N",NA,-48117.9710999997,6609317.0766,2024
"02.42-108481","Torsteinvika","ZT39","Kyst","OEKK","Økosystemovervåking i kystvann (ØkoKyst)","Miljødirektoratet","NIVA","ANCPHIGHTSK","Canopyhøyde på ålegresseng (skala)",NA,"VS","Saltvann",99389,"Zostera marina","UKJENT","UKJENT",2024-08-06,0,0,"m","Ufiltrert",NA,"=",3,"> 60 cm","<ubenevnt>",NA,NA,NA,NA,1,NA,"N",NA,-31555.9000000004,6581867.4,2024
"02.42-108481","Torsteinvika","ZT39","Kyst","OEKK","Økosystemovervåking i kystvann (ØkoKyst)","Miljødirektoratet","NIVA","ANDEKNSK","Dekningsgrad ålegresseng (skala)",NA,"VS","Saltvann",99389,"Zostera marina","UKJENT","UKJENT",2024-08-06,0,0,"m","Ufiltrert",NA,"=",3,"Flekkvis tett eng (markert flekkvis forekomst)","<ubenevnt>",NA,NA,NA,NA,1,NA,"N",NA,-31555.9000000004,6581867.4,2024
"02.42-108481","Torsteinvika","ZT39","Kyst","OEKK","Økosystemovervåking i kystvann (ØkoKyst)","Miljødirektoratet","NIVA","ANNVGR","Nedre voksegrense ålegresseng (takson)",NA,"VS","Saltvann",99389,"Zostera marina","UKJENT","UKJENT",2024-08-06,0,0,"m","Ufiltrert",NA,"=",8.7,NA,"m",NA,NA,NA,NA,1,NA,"N",NA,-31555.9000000004,6581867.4,2024
"02.42-108481","Torsteinvika","ZT39","Kyst","OEKK","Økosystemovervåking i kystvann (ØkoKyst)","Miljødirektoratet","NIVA","ANNVGRTO","Absolutt nedre voksegrense angiospermer (takson)",NA,"VS","Saltvann",99389,"Zostera marina","UKJENT","UKJENT",2024-08-06,0,0,"m","Ufiltrert",NA,"=",9,NA,"m",NA,NA,NA,NA,1,NA,"N",NA,-31555.9000000004,6581867.4,2024
"02.42-108481","Torsteinvika","ZT39","Kyst","OEKK","Økosystemovervåking i kystvann (ØkoKyst)","Miljødirektoratet","NIVA","ANHIGHTSK","Høyde på ålegresseng (skala)",NA,"VS","Saltvann",99389,"Zostera marina","UKJENT","UKJENT",2024-08-06,0,0,"m","Ufiltrert",NA,"=",3,"> 60 cm","<ubenevnt>",NA,NA,NA,NA,1,NA,"N",NA,-31555.9000000004,6581867.4,2024
"02.42-108481","Torsteinvika","ZT39","Kyst","OEKK","Økosystemovervåking i kystvann (ØkoKyst)","Miljødirektoratet","NIVA","MBDEKNSK","Dekningsgrad marine begroingsalger (skala)",NA,"VS","Saltvann",0,"Artsuavhengig","UKJENT","UKJENT",2024-08-06,0,0,"m","Ufiltrert",NA,"=",2,"Spredt forekomst (dekningsgrad <15%)","<ubenevnt>",NA,NA,NA,NA,1,NA,"N",NA,-31555.9000000004,6581867.4,2024
"02.42-108481","Torsteinvika","ZT39","Kyst","OEKK","Økosystemovervåking i kystvann (ØkoKyst)","Miljødirektoratet","NIVA","ANEQR_E","Angiospermer EQR eutrofiering",NA,"VS","Saltvann",0,"Artsuavhengig","UKJENT","UKJENT",2024-08-06,0,0,"m","Ufiltrert",NA,"=",0.88,NA,"<ubenevnt>",NA,NA,NA,NA,1,NA,"N",NA,-31555.9000000004,6581867.4,2024
"02.42-108481","Torsteinvika","ZT39","Kyst","OEKK","Økosystemovervåking i kystvann (ØkoKyst)","Miljødirektoratet","NIVA","ANTIZM","Eutrofiindeks ålegress (Zostera marina)",NA,"VS","Saltvann",0,"Artsuavhengig","UKJENT","UKJENT",2024-08-06,0,0,"m","Ufiltrert",NA,"=",0.875,NA,"<ubenevnt>",NA,NA,NA,NA,1,NA,"N",NA,-31555.9000000004,6581867.4,2024
"02.80-108482","Midttunvågen","ZT34","Kyst","OEKK","Økosystemovervåking i kystvann (ØkoKyst)","Miljødirektoratet","NIVA","ANCPHIGHTSK","Canopyhøyde på ålegresseng (skala)",NA,"VS","Saltvann",99389,"Zostera marina","UKJENT","UKJENT",2024-08-13,0,0,"m","Ufiltrert",NA,"=",3,"> 60 cm","<ubenevnt>",NA,NA,NA,NA,1,NA,"N",NA,-35119.2999999998,6801574.8,2024
"02.80-108482","Midttunvågen","ZT34","Kyst","OEKK","Økosystemovervåking i kystvann (ØkoKyst)","Miljødirektoratet","NIVA","ANNVGR","Nedre voksegrense ålegresseng (takson)",NA,"VS","Saltvann",99389,"Zostera marina","UKJENT","UKJENT",2024-08-13,0,0,"m","Ufiltrert",NA,"=",3.1,NA,"m",NA,NA,NA,NA,1,NA,"N",NA,-35119.2999999998,6801574.8,2024
"02.80-108482","Midttunvågen","ZT34","Kyst","OEKK","Økosystemovervåking i kystvann (ØkoKyst)","Miljødirektoratet","NIVA","ANDEKNSK","Dekningsgrad ålegresseng (skala)",NA,"VS","Saltvann",99389,"Zostera marina","UKJENT","UKJENT",2024-08-13,0,0,"m","Ufiltrert",NA,"=",3,"Flekkvis tett eng (markert flekkvis forekomst)","<ubenevnt>",NA,NA,NA,NA,1,NA,"N",NA,-35119.2999999998,6801574.8,2024
"02.80-108482","Midttunvågen","ZT34","Kyst","OEKK","Økosystemovervåking i kystvann (ØkoKyst)","Miljødirektoratet","NIVA","ANHIGHTSK","Høyde på ålegresseng (skala)",NA,"VS","Saltvann",99389,"Zostera marina","UKJENT","UKJENT",2024-08-13,0,0,"m","Ufiltrert",NA,"=",3,"> 60 cm","<ubenevnt>",NA,NA,NA,NA,1,NA,"N",NA,-35119.2999999998,6801574.8,2024
"02.80-108482","Midttunvågen","ZT34","Kyst","OEKK","Økosystemovervåking i kystvann (ØkoKyst)","Miljødirektoratet","NIVA","ANNVGRTO","Absolutt nedre voksegrense angiospermer (takson)",NA,"VS","Saltvann",99389,"Zostera marina","UKJENT","UKJENT",2024-08-13,0,0,"m","Ufiltrert",NA,"=",4,NA,"m",NA,NA,NA,NA,1,NA,"N",NA,-35119.2999999998,6801574.8,2024
"02.80-108482","Midttunvågen","ZT34","Kyst","OEKK","Økosystemovervåking i kystvann (ØkoKyst)","Miljødirektoratet","NIVA","MBDEKNSK","Dekningsgrad marine begroingsalger (skala)",NA,"VS","Saltvann",0,"Artsuavhengig","UKJENT","UKJENT",2024-08-13,0,0,"m","Ufiltrert",NA,"=",2,"Spredt forekomst (dekningsgrad <15%)","<ubenevnt>",NA,NA,NA,NA,1,NA,"N",NA,-35119.2999999998,6801574.8,2024
"02.80-108482","Midttunvågen","ZT34","Kyst","OEKK","Økosystemovervåking i kystvann (ØkoKyst)","Miljødirektoratet","NIVA","ANEQR_E","Angiospermer EQR eutrofiering",NA,"VS","Saltvann",0,"Artsuavhengig","UKJENT","UKJENT",2024-08-13,0,0,"m","Ufiltrert",NA,"=",0.58,NA,"<ubenevnt>",NA,NA,NA,NA,1,NA,"N",NA,-35119.2999999998,6801574.8,2024
"02.80-108482","Midttunvågen","ZT34","Kyst","OEKK","Økosystemovervåking i kystvann (ØkoKyst)","Miljødirektoratet","NIVA","ANTIZM","Eutrofiindeks ålegress (Zostera marina)",NA,"VS","Saltvann",0,"Artsuavhengig","UKJENT","UKJENT",2024-08-13,0,0,"m","Ufiltrert",NA,"=",0.575,NA,"<ubenevnt>",NA,NA,NA,NA,1,NA,"N",NA,-35119.2999999998,6801574.8,2024
"02.42-108480","Nedstrand","ZT38","Kyst","OEKK","Økosystemovervåking i kystvann (ØkoKyst)","Miljødirektoratet","NIVA","ANNVGRTO","Absolutt nedre voksegrense angiospermer (takson)",NA,"VS","Saltvann",99389,"Zostera marina","UKJENT","UKJENT",2024-08-08,0,0,"m","Ufiltrert",NA,"=",7.1,NA,"m",NA,NA,NA,NA,1,NA,"N",NA,-19174.7999999998,6613908.6,2024
"02.42-108480","Nedstrand","ZT38","Kyst","OEKK","Økosystemovervåking i kystvann (ØkoKyst)","Miljødirektoratet","NIVA","ANDEKNSK","Dekningsgrad ålegresseng (skala)",NA,"VS","Saltvann",99389,"Zostera marina","UKJENT","UKJENT",2024-08-08,0,0,"m","Ufiltrert",NA,"=",4,"Tett, heldekkende eng","<ubenevnt>",NA,NA,NA,NA,1,NA,"N",NA,-19174.7999999998,6613908.6,2024
"02.42-108480","Nedstrand","ZT38","Kyst","OEKK","Økosystemovervåking i kystvann (ØkoKyst)","Miljødirektoratet","NIVA","ANCPHIGHTSK","Canopyhøyde på ålegresseng (skala)",NA,"VS","Saltvann",99389,"Zostera marina","UKJENT","UKJENT",2024-08-08,0,0,"m","Ufiltrert",NA,"=",3,"> 60 cm","<ubenevnt>",NA,NA,NA,NA,1,NA,"N",NA,-19174.7999999998,6613908.6,2024
"02.42-108480","Nedstrand","ZT38","Kyst","OEKK","Økosystemovervåking i kystvann (ØkoKyst)","Miljødirektoratet","NIVA","ANHIGHTSK","Høyde på ålegresseng (skala)",NA,"VS","Saltvann",99389,"Zostera marina","UKJENT","UKJENT",2024-08-08,0,0,"m","Ufiltrert",NA,"=",3,"> 60 cm","<ubenevnt>",NA,NA,NA,NA,1,NA,"N",NA,-19174.7999999998,6613908.6,2024
"02.42-108480","Nedstrand","ZT38","Kyst","OEKK","Økosystemovervåking i kystvann (ØkoKyst)","Miljødirektoratet","NIVA","ANNVGR","Nedre voksegrense ålegresseng (takson)",NA,"VS","Saltvann",99389,"Zostera marina","UKJENT","UKJENT",2024-08-08,0,0,"m","Ufiltrert",NA,"=",7.1,NA,"m",NA,NA,NA,NA,1,NA,"N",NA,-19174.7999999998,6613908.6,2024
"02.42-108480","Nedstrand","ZT38","Kyst","OEKK","Økosystemovervåking i kystvann (ØkoKyst)","Miljødirektoratet","NIVA","ANEQR_E","Angiospermer EQR eutrofiering",NA,"VS","Saltvann",0,"Artsuavhengig","UKJENT","UKJENT",2024-08-08,0,0,"m","Ufiltrert",NA,"=",0.85,NA,"<ubenevnt>",NA,NA,NA,NA,1,NA,"N",NA,-19174.7999999998,6613908.6,2024
"02.42-108480","Nedstrand","ZT38","Kyst","OEKK","Økosystemovervåking i kystvann (ØkoKyst)","Miljødirektoratet","NIVA","MBDEKNSK","Dekningsgrad marine begroingsalger (skala)",NA,"VS","Saltvann",0,"Artsuavhengig","UKJENT","UKJENT",2024-08-08,0,0,"m","Ufiltrert",NA,"=",2,"Spredt forekomst (dekningsgrad <15%)","<ubenevnt>",NA,NA,NA,NA,1,NA,"N",NA,-19174.7999999998,6613908.6,2024
"02.42-108480","Nedstrand","ZT38","Kyst","OEKK","Økosystemovervåking i kystvann (ØkoKyst)","Miljødirektoratet","NIVA","ANTIZM","Eutrofiindeks ålegress (Zostera marina)",NA,"VS","Saltvann",0,"Artsuavhengig","UKJENT","UKJENT",2024-08-08,0,0,"m","Ufiltrert",NA,"=",0.85,NA,"<ubenevnt>",NA,NA,NA,NA,1,NA,"N",NA,-19174.7999999998,6613908.6,2024
"04.20-123223","Rafsbotn (Reassvuotna)","ZR27","Kyst","OEKK","Økosystemovervåking i kystvann (ØkoKyst)","Miljødirektoratet","Akvaplan-niva","ANDEKNSK","Dekningsgrad ålegresseng (skala)",NA,"VS","Saltvann",99389,"Zostera marina","UKJENT","UKJENT",2025-08-07,-0.87,2.4,"m","Ufiltrert",NA,"=",3,"Flekkvis tett eng (markert flekkvis forekomst)","<ubenevnt>",NA,NA,NA,NA,1,NA,"N",NA,822643.8198,7790421.3866,2025
"04.20-123223","Rafsbotn (Reassvuotna)","ZR27","Kyst","OEKK","Økosystemovervåking i kystvann (ØkoKyst)","Miljødirektoratet","Akvaplan-niva","ANNVGR","Nedre voksegrense ålegresseng (takson)",NA,"VS","Saltvann",99389,"Zostera marina","UKJENT","UKJENT",2025-08-07,-0.87,2.4,"m","Ufiltrert",NA,"=",1.44,NA,"m",NA,NA,NA,NA,1,NA,"N",NA,822643.8198,7790421.3866,2025
"04.20-123223","Rafsbotn (Reassvuotna)","ZR27","Kyst","OEKK","Økosystemovervåking i kystvann (ØkoKyst)","Miljødirektoratet","Akvaplan-niva","ANNVGRTO","Absolutt nedre voksegrense angiospermer (takson)",NA,"VS","Saltvann",99389,"Zostera marina","UKJENT","UKJENT",2025-08-07,-0.87,2.4,"m","Ufiltrert",NA,"=",1.44,NA,"m",NA,NA,NA,NA,1,NA,"N",NA,822643.8198,7790421.3866,2025
"04.20-123223","Rafsbotn (Reassvuotna)","ZR27","Kyst","OEKK","Økosystemovervåking i kystvann (ØkoKyst)","Miljødirektoratet","Akvaplan-niva","MBDEKNSK","Dekningsgrad marine begroingsalger (skala)",NA,"VS","Saltvann",0,"Artsuavhengig","UKJENT","UKJENT",2025-08-07,-0.87,2.4,"m","Ufiltrert",NA,"=",3,"Vanlig forekomst (dekningsgrad 15-50%)","<ubenevnt>",NA,NA,NA,NA,1,NA,"N",NA,822643.8198,7790421.3866,2025
"04.20-123223","Rafsbotn (Reassvuotna)","ZR27","Kyst","OEKK","Økosystemovervåking i kystvann (ØkoKyst)","Miljødirektoratet","Akvaplan-niva","ANCPHIGHTSK","Canopyhøyde på ålegresseng (skala)",NA,"VS","Saltvann",99389,"Zostera marina","UKJENT","UKJENT",2025-08-07,-0.87,2.4,"m","Ufiltrert",NA,"=",2,"20 - 60 cm","<ubenevnt>",NA,NA,NA,NA,1,NA,"N",NA,822643.8198,7790421.3866,2025
"04.22-128322","Treviknesbukta 2","ZR15","Kyst","OEKK","Økosystemovervåking i kystvann (ØkoKyst)","Miljødirektoratet","Akvaplan-niva","ANDEKNSK","Dekningsgrad ålegresseng (skala)",NA,"VS","Saltvann",99389,"Zostera marina","UKJENT","UKJENT",2025-08-07,-1.35,-0.97,"m","Ufiltrert",NA,"=",3,"Flekkvis tett eng (markert flekkvis forekomst)","<ubenevnt>",NA,NA,NA,NA,1,NA,"N",NA,880994.6344,7850988.6117,2025
"04.22-128322","Treviknesbukta 2","ZR15","Kyst","OEKK","Økosystemovervåking i kystvann (ØkoKyst)","Miljødirektoratet","Akvaplan-niva","ANNVGR","Nedre voksegrense ålegresseng (takson)",NA,"VS","Saltvann",99389,"Zostera marina","UKJENT","UKJENT",2025-08-07,-1.35,-0.97,"m","Ufiltrert",NA,"=",-0.97,NA,"m",NA,NA,NA,NA,1,NA,"N",NA,880994.6344,7850988.6117,2025
"04.22-128322","Treviknesbukta 2","ZR15","Kyst","OEKK","Økosystemovervåking i kystvann (ØkoKyst)","Miljødirektoratet","Akvaplan-niva","ANNVGRTO","Absolutt nedre voksegrense angiospermer (takson)",NA,"VS","Saltvann",99389,"Zostera marina","UKJENT","UKJENT",2025-08-07,-1.35,-0.97,"m","Ufiltrert",NA,"=",-0.97,NA,"m",NA,NA,NA,NA,1,NA,"N",NA,880994.6344,7850988.6117,2025
"04.22-128322","Treviknesbukta 2","ZR15","Kyst","OEKK","Økosystemovervåking i kystvann (ØkoKyst)","Miljødirektoratet","Akvaplan-niva","MBDEKNSK","Dekningsgrad marine begroingsalger (skala)",NA,"VS","Saltvann",0,"Artsuavhengig","UKJENT","UKJENT",2025-08-07,-1.35,-0.97,"m","Ufiltrert",NA,"=",3,"Vanlig forekomst (dekningsgrad 15-50%)","<ubenevnt>",NA,NA,NA,NA,1,NA,"N",NA,880994.6344,7850988.6117,2025
"04.22-128322","Treviknesbukta 2","ZR15","Kyst","OEKK","Økosystemovervåking i kystvann (ØkoKyst)","Miljødirektoratet","Akvaplan-niva","ANCPHIGHTSK","Canopyhøyde på ålegresseng (skala)",NA,"VS","Saltvann",99389,"Zostera marina","UKJENT","UKJENT",2025-08-07,-1.35,-0.97,"m","Ufiltrert",NA,"=",1,"< 20 cm","<ubenevnt>",NA,NA,NA,NA,1,NA,"N",NA,880994.6344,7850988.6117,2025
"04.22-128323","Mårnes","ZT2","Kyst","OEKK","Økosystemovervåking i kystvann (ØkoKyst)","Miljødirektoratet","Akvaplan-niva","ANDEKNSK","Dekningsgrad ålegresseng (skala)",NA,"VS","Saltvann",99389,"Zostera marina","UKJENT","UKJENT",2025-08-06,-1.69,-1.04,"m","Ufiltrert",NA,"=",4,"Tett, heldekkende eng","<ubenevnt>",NA,NA,NA,NA,1,NA,"N",NA,892657.4984,7843619.5561,2025
"04.22-128323","Mårnes","ZT2","Kyst","OEKK","Økosystemovervåking i kystvann (ØkoKyst)","Miljødirektoratet","Akvaplan-niva","ANNVGR","Nedre voksegrense ålegresseng (takson)",NA,"VS","Saltvann",99389,"Zostera marina","UKJENT","UKJENT",2025-08-06,-1.69,-1.04,"m","Ufiltrert",NA,"=",-1.04,NA,"m",NA,NA,NA,NA,1,NA,"N",NA,892657.4984,7843619.5561,2025
"04.22-128323","Mårnes","ZT2","Kyst","OEKK","Økosystemovervåking i kystvann (ØkoKyst)","Miljødirektoratet","Akvaplan-niva","ANNVGRTO","Absolutt nedre voksegrense angiospermer (takson)",NA,"VS","Saltvann",99389,"Zostera marina","UKJENT","UKJENT",2025-08-06,-1.69,-1.04,"m","Ufiltrert",NA,"=",-1.04,NA,"m",NA,NA,NA,NA,1,NA,"N",NA,892657.4984,7843619.5561,2025
"04.22-128323","Mårnes","ZT2","Kyst","OEKK","Økosystemovervåking i kystvann (ØkoKyst)","Miljødirektoratet","Akvaplan-niva","MBDEKNSK","Dekningsgrad marine begroingsalger (skala)",NA,"VS","Saltvann",0,"Artsuavhengig","UKJENT","UKJENT",2025-08-06,-1.69,-1.04,"m","Ufiltrert",NA,"=",4,"Dominerende forekomst (dekningsgrad >50%)","<ubenevnt>",NA,NA,NA,NA,1,NA,"N",NA,892657.4984,7843619.5561,2025
"04.22-128323","Mårnes","ZT2","Kyst","OEKK","Økosystemovervåking i kystvann (ØkoKyst)","Miljødirektoratet","Akvaplan-niva","ANCPHIGHTSK","Canopyhøyde på ålegresseng (skala)",NA,"VS","Saltvann",99389,"Zostera marina","UKJENT","UKJENT",2025-08-06,-1.69,-1.04,"m","Ufiltrert",NA,"=",1,"< 20 cm","<ubenevnt>",NA,NA,NA,NA,1,NA,"N",NA,892657.4984,7843619.5561,2025
"04.02-108469","Storsletta","ZR11","Kyst","OEKK","Økosystemovervåking i kystvann (ØkoKyst)","Miljødirektoratet","Akvaplan-niva","ANDEKNSK","Dekningsgrad ålegresseng (skala)",NA,"VS","Saltvann",99389,"Zostera marina","UKJENT","UKJENT",2025-08-25,-1.39,8,"m","Ufiltrert",NA,"=",3,"Flekkvis tett eng (markert flekkvis forekomst)","<ubenevnt>",NA,NA,NA,NA,1,NA,"N",NA,664335.4,7701658.4,2025
"04.02-108469","Storsletta","ZR11","Kyst","OEKK","Økosystemovervåking i kystvann (ØkoKyst)","Miljødirektoratet","Akvaplan-niva","ANNVGR","Nedre voksegrense ålegresseng (takson)",NA,"VS","Saltvann",99389,"Zostera marina","UKJENT","UKJENT",2025-08-25,-1.39,8,"m","Ufiltrert",NA,"=",0.95,NA,"m",NA,NA,NA,NA,1,NA,"N",NA,664335.4,7701658.4,2025
"04.02-108469","Storsletta","ZR11","Kyst","OEKK","Økosystemovervåking i kystvann (ØkoKyst)","Miljødirektoratet","Akvaplan-niva","ANNVGRTO","Absolutt nedre voksegrense angiospermer (takson)",NA,"VS","Saltvann",99389,"Zostera marina","UKJENT","UKJENT",2025-08-25,-1.39,8,"m","Ufiltrert",NA,"=",0.95,NA,"m",NA,NA,NA,NA,1,NA,"N",NA,664335.4,7701658.4,2025
"04.02-108469","Storsletta","ZR11","Kyst","OEKK","Økosystemovervåking i kystvann (ØkoKyst)","Miljødirektoratet","Akvaplan-niva","MBDEKNSK","Dekningsgrad marine begroingsalger (skala)",NA,"VS","Saltvann",0,"Artsuavhengig","UKJENT","UKJENT",2025-08-25,-1.39,8,"m","Ufiltrert",NA,"=",4,"Dominerende forekomst (dekningsgrad >50%)","<ubenevnt>",NA,NA,NA,NA,1,NA,"N",NA,664335.4,7701658.4,2025
"04.02-108469","Storsletta","ZR11","Kyst","OEKK","Økosystemovervåking i kystvann (ØkoKyst)","Miljødirektoratet","Akvaplan-niva","ANCPHIGHTSK","Canopyhøyde på ålegresseng (skala)",NA,"VS","Saltvann",99389,"Zostera marina","UKJENT","UKJENT",2025-08-25,-1.39,8,"m","Ufiltrert",NA,"=",2,"20 - 60 cm","<ubenevnt>",NA,NA,NA,NA,1,NA,"N",NA,664335.4,7701658.4,2025
"04.01-128320","Rongsåvika-Sålvikskjæret (Salangen)","ZT1","Kyst","OEKK","Økosystemovervåking i kystvann (ØkoKyst)","Miljødirektoratet","Akvaplan-niva","ANDEKNSK","Dekningsgrad ålegresseng (skala)",NA,"VS","Saltvann",99389,"Zostera marina","UKJENT","UKJENT",2025-08-12,-0.61,4,"m","Ufiltrert",NA,"=",3,"Flekkvis tett eng (markert flekkvis forekomst)","<ubenevnt>",NA,NA,NA,NA,1,NA,"N",NA,610039.9634,7646476.1849,2025
"04.01-128320","Rongsåvika-Sålvikskjæret (Salangen)","ZT1","Kyst","OEKK","Økosystemovervåking i kystvann (ØkoKyst)","Miljødirektoratet","Akvaplan-niva","ANNVGR","Nedre voksegrense ålegresseng (takson)",NA,"VS","Saltvann",99389,"Zostera marina","UKJENT","UKJENT",2025-08-12,-0.61,4,"m","Ufiltrert",NA,"=",0.44,NA,"m",NA,NA,NA,NA,1,NA,"N",NA,610039.9634,7646476.1849,2025
"04.01-128320","Rongsåvika-Sålvikskjæret (Salangen)","ZT1","Kyst","OEKK","Økosystemovervåking i kystvann (ØkoKyst)","Miljødirektoratet","Akvaplan-niva","ANNVGRTO","Absolutt nedre voksegrense angiospermer (takson)",NA,"VS","Saltvann",99389,"Zostera marina","UKJENT","UKJENT",2025-08-12,-0.61,4,"m","Ufiltrert",NA,"=",0.44,NA,"m",NA,NA,NA,NA,1,NA,"N",NA,610039.9634,7646476.1849,2025
"04.01-128320","Rongsåvika-Sålvikskjæret (Salangen)","ZT1","Kyst","OEKK","Økosystemovervåking i kystvann (ØkoKyst)","Miljødirektoratet","Akvaplan-niva","MBDEKNSK","Dekningsgrad marine begroingsalger (skala)",NA,"VS","Saltvann",0,"Artsuavhengig","UKJENT","UKJENT",2025-08-12,-0.61,4,"m","Ufiltrert",NA,"=",4,"Dominerende forekomst (dekningsgrad >50%)","<ubenevnt>",NA,NA,NA,NA,1,NA,"N",NA,610039.9634,7646476.1849,2025
"04.01-128320","Rongsåvika-Sålvikskjæret (Salangen)","ZT1","Kyst","OEKK","Økosystemovervåking i kystvann (ØkoKyst)","Miljødirektoratet","Akvaplan-niva","ANCPHIGHTSK","Canopyhøyde på ålegresseng (skala)",NA,"VS","Saltvann",99389,"Zostera marina","UKJENT","UKJENT",2025-08-12,-0.61,4,"m","Ufiltrert",NA,"=",1,"< 20 cm","<ubenevnt>",NA,NA,NA,NA,1,NA,"N",NA,610039.9634,7646476.1849,2025
"03.63-128319","Mjønesosen","ZR2","Kyst","OEKK","Økosystemovervåking i kystvann (ØkoKyst)","Miljødirektoratet","Akvaplan-niva","ANDEKNSK","Dekningsgrad ålegresseng (skala)",NA,"VS","Saltvann",99389,"Zostera marina","UKJENT","UKJENT",2025-08-27,-0.2,5,"m","Ufiltrert",NA,"=",3,"Flekkvis tett eng (markert flekkvis forekomst)","<ubenevnt>",NA,NA,NA,NA,1,NA,"N",NA,500956.5934,7464460.3071,2025
"03.63-128319","Mjønesosen","ZR2","Kyst","OEKK","Økosystemovervåking i kystvann (ØkoKyst)","Miljødirektoratet","Akvaplan-niva","ANNVGR","Nedre voksegrense ålegresseng (takson)",NA,"VS","Saltvann",99389,"Zostera marina","UKJENT","UKJENT",2025-08-27,-0.2,5,"m","Ufiltrert",NA,"=",3.2,NA,"m",NA,NA,NA,NA,1,NA,"N",NA,500956.5934,7464460.3071,2025
"03.63-128319","Mjønesosen","ZR2","Kyst","OEKK","Økosystemovervåking i kystvann (ØkoKyst)","Miljødirektoratet","Akvaplan-niva","ANNVGRTO","Absolutt nedre voksegrense angiospermer (takson)",NA,"VS","Saltvann",99389,"Zostera marina","UKJENT","UKJENT",2025-08-27,-0.2,5,"m","Ufiltrert",NA,"=",3.2,NA,"m",NA,NA,NA,NA,1,NA,"N",NA,500956.5934,7464460.3071,2025
"03.63-128319","Mjønesosen","ZR2","Kyst","OEKK","Økosystemovervåking i kystvann (ØkoKyst)","Miljødirektoratet","Akvaplan-niva","MBDEKNSK","Dekningsgrad marine begroingsalger (skala)",NA,"VS","Saltvann",0,"Artsuavhengig","UKJENT","UKJENT",2025-08-27,-0.2,5,"m","Ufiltrert",NA,"=",4,"Dominerende forekomst (dekningsgrad >50%)","<ubenevnt>",NA,NA,NA,NA,1,NA,"N",NA,500956.5934,7464460.3071,2025
"03.63-128319","Mjønesosen","ZR2","Kyst","OEKK","Økosystemovervåking i kystvann (ØkoKyst)","Miljødirektoratet","Akvaplan-niva","ANCPHIGHTSK","Canopyhøyde på ålegresseng (skala)",NA,"VS","Saltvann",99389,"Zostera marina","UKJENT","UKJENT",2025-08-27,-0.2,5,"m","Ufiltrert",NA,"=",2,"20 - 60 cm","<ubenevnt>",NA,NA,NA,NA,1,NA,"N",NA,500956.5934,7464460.3071,2025
"03.63-128321","Røvika","ZR7","Kyst","OEKK","Økosystemovervåking i kystvann (ØkoKyst)","Miljødirektoratet","Akvaplan-niva","ANDEKNSK","Dekningsgrad ålegresseng (skala)",NA,"VS","Saltvann",99389,"Zostera marina","UKJENT","UKJENT",2025-08-27,0.47,7.45,"m","Ufiltrert",NA,"=",3,"Flekkvis tett eng (markert flekkvis forekomst)","<ubenevnt>",NA,NA,NA,NA,1,NA,"N",NA,510852.6325,7460921.7428,2025
"03.63-128321","Røvika","ZR7","Kyst","OEKK","Økosystemovervåking i kystvann (ØkoKyst)","Miljødirektoratet","Akvaplan-niva","ANNVGR","Nedre voksegrense ålegresseng (takson)",NA,"VS","Saltvann",99389,"Zostera marina","UKJENT","UKJENT",2025-08-27,0.47,7.45,"m","Ufiltrert",NA,"=",5.1,NA,"m",NA,NA,NA,NA,1,NA,"N",NA,510852.6325,7460921.7428,2025
"03.63-128321","Røvika","ZR7","Kyst","OEKK","Økosystemovervåking i kystvann (ØkoKyst)","Miljødirektoratet","Akvaplan-niva","ANNVGRTO","Absolutt nedre voksegrense angiospermer (takson)",NA,"VS","Saltvann",99389,"Zostera marina","UKJENT","UKJENT",2025-08-27,0.47,7.45,"m","Ufiltrert",NA,"=",6.17,NA,"m",NA,NA,NA,NA,1,NA,"N",NA,510852.6325,7460921.7428,2025
"03.63-128321","Røvika","ZR7","Kyst","OEKK","Økosystemovervåking i kystvann (ØkoKyst)","Miljødirektoratet","Akvaplan-niva","MBDEKNSK","Dekningsgrad marine begroingsalger (skala)",NA,"VS","Saltvann",0,"Artsuavhengig","UKJENT","UKJENT",2025-08-27,0.47,7.45,"m","Ufiltrert",NA,"=",4,"Dominerende forekomst (dekningsgrad >50%)","<ubenevnt>",NA,NA,NA,NA,1,NA,"N",NA,510852.6325,7460921.7428,2025
"03.63-128321","Røvika","ZR7","Kyst","OEKK","Økosystemovervåking i kystvann (ØkoKyst)","Miljødirektoratet","Akvaplan-niva","ANCPHIGHTSK","Canopyhøyde på ålegresseng (skala)",NA,"VS","Saltvann",99389,"Zostera marina","UKJENT","UKJENT",2025-08-27,0.47,7.45,"m","Ufiltrert",NA,"=",2,"20 - 60 cm","<ubenevnt>",NA,NA,NA,NA,1,NA,"N",NA,510852.6325,7460921.7428,2025
"02.80-108482","Midttunvågen","ZT34","Kyst","OEKK","Økosystemovervåking i kystvann (ØkoKyst)","Miljødirektoratet","NIVA","ANTIZM","Eutrofiindeks ålegress (Zostera marina)",NA,"VS","Saltvann",0,"Artsuavhengig","UKJENT","UKJENT",2025-08-05,NA,NA,NA,"Ufiltrert",NA,"=",0.58,NA,"<ubenevnt>",NA,NA,NA,NA,1,NA,"N",NA,-35119.2999999998,6801574.8,2025
"02.42-111435","Jonebukta","ZT36","Kyst","OEKK","Økosystemovervåking i kystvann (ØkoKyst)","Miljødirektoratet","NIVA","MBDEKNSK","Dekningsgrad marine begroingsalger (skala)",NA,"VS","Saltvann",0,"Artsuavhengig","UKJENT","UKJENT",2025-08-14,0,0,"m","Ufiltrert",NA,"=",2,"Spredt forekomst (dekningsgrad <15%)","<ubenevnt>",NA,NA,NA,NA,1,NA,"N",NA,-48117.9710999997,6609317.0766,2025
"02.42-111435","Jonebukta","ZT36","Kyst","OEKK","Økosystemovervåking i kystvann (ØkoKyst)","Miljødirektoratet","NIVA","ANTIZM","Eutrofiindeks ålegress (Zostera marina)",NA,"VS","Saltvann",0,"Artsuavhengig","UKJENT","UKJENT",2025-08-14,NA,NA,NA,"Ufiltrert",NA,"=",0.88,NA,"<ubenevnt>",NA,NA,NA,NA,1,NA,"N",NA,-48117.9710999997,6609317.0766,2025
"02.42-128329","Foreneset","ZR16","Kyst","OEKK","Økosystemovervåking i kystvann (ØkoKyst)","Miljødirektoratet","NIVA","ANCPHIGHTSK","Canopyhøyde på ålegresseng (skala)",NA,"VS","Saltvann",99389,"Zostera marina","UKJENT","UKJENT",2025-08-12,NA,NA,NA,"Ufiltrert",NA,"=",3,"> 60 cm","<ubenevnt>",NA,NA,NA,NA,1,NA,"N",NA,-7965.39749999996,6590324.2687,2025
"02.42-128329","Foreneset","ZR16","Kyst","OEKK","Økosystemovervåking i kystvann (ØkoKyst)","Miljødirektoratet","NIVA","ANEQR_E","Angiospermer EQR eutrofiering",NA,"VS","Saltvann",0,"Artsuavhengig","UKJENT","UKJENT",2025-08-12,NA,NA,NA,"Ufiltrert",NA,"=",0.9,NA,"<ubenevnt>",NA,NA,NA,NA,1,NA,"N",NA,-7965.39749999996,6590324.2687,2025
"02.42-108481","Torsteinvika","ZT39","Kyst","OEKK","Økosystemovervåking i kystvann (ØkoKyst)","Miljødirektoratet","NIVA","ANDEKNSK","Dekningsgrad ålegresseng (skala)",NA,"VS","Saltvann",99389,"Zostera marina","UKJENT","UKJENT",2025-08-12,NA,NA,NA,"Ufiltrert",NA,"=",4,"Tett, heldekkende eng","<ubenevnt>",NA,NA,NA,NA,1,NA,"N",NA,-31555.9000000004,6581867.4,2025
"02.42-108481","Torsteinvika","ZT39","Kyst","OEKK","Økosystemovervåking i kystvann (ØkoKyst)","Miljødirektoratet","NIVA","ANTIZM","Eutrofiindeks ålegress (Zostera marina)",NA,"VS","Saltvann",0,"Artsuavhengig","UKJENT","UKJENT",2025-08-12,NA,NA,NA,"Ufiltrert",NA,"=",0.95,NA,"<ubenevnt>",NA,NA,NA,NA,1,NA,"N",NA,-31555.9000000004,6581867.4,2025
"02.42-111435","Jonebukta","ZT36","Kyst","OEKK","Økosystemovervåking i kystvann (ØkoKyst)","Miljødirektoratet","NIVA","ANDEKNSK","Dekningsgrad ålegresseng (skala)",NA,"VS","Saltvann",99389,"Zostera marina","UKJENT","UKJENT",2025-08-14,NA,NA,NA,"Ufiltrert",NA,"=",3,"Flekkvis tett eng (markert flekkvis forekomst)","<ubenevnt>",NA,NA,NA,NA,1,NA,"N",NA,-48117.9710999997,6609317.0766,2025
"02.42-111435","Jonebukta","ZT36","Kyst","OEKK","Økosystemovervåking i kystvann (ØkoKyst)","Miljødirektoratet","NIVA","ANHIGHTSK","Høyde på ålegresseng (skala)",NA,"VS","Saltvann",99389,"Zostera marina","UKJENT","UKJENT",2025-08-14,NA,NA,NA,"Ufiltrert",NA,"=",3,"> 60 cm","<ubenevnt>",NA,NA,NA,NA,1,NA,"N",NA,-48117.9710999997,6609317.0766,2025
"02.42-128328","Foldøyna","ZR17","Kyst","OEKK","Økosystemovervåking i kystvann (ØkoKyst)","Miljødirektoratet","NIVA","MBDEKNSK","Dekningsgrad marine begroingsalger (skala)",NA,"VS","Saltvann",0,"Artsuavhengig","UKJENT","UKJENT",2025-08-13,0,0,"m","Ufiltrert",NA,"=",3,"Vanlig forekomst (dekningsgrad 15-50%)","<ubenevnt>",NA,NA,NA,NA,1,NA,"N",NA,-12864.3606000002,6612046.7162,2025
"02.42-128329","Foreneset","ZR16","Kyst","OEKK","Økosystemovervåking i kystvann (ØkoKyst)","Miljødirektoratet","NIVA","ANHIGHTSK","Høyde på ålegresseng (skala)",NA,"VS","Saltvann",99389,"Zostera marina","UKJENT","UKJENT",2025-08-12,NA,NA,NA,"Ufiltrert",NA,"=",3,"> 60 cm","<ubenevnt>",NA,NA,NA,NA,1,NA,"N",NA,-7965.39749999996,6590324.2687,2025
"02.42-108480","Nedstrand","ZT38","Kyst","OEKK","Økosystemovervåking i kystvann (ØkoKyst)","Miljødirektoratet","NIVA","MBDEKNSK","Dekningsgrad marine begroingsalger (skala)",NA,"VS","Saltvann",0,"Artsuavhengig","UKJENT","UKJENT",2025-08-13,0,0,"m","Ufiltrert",NA,"=",3,"Vanlig forekomst (dekningsgrad 15-50%)","<ubenevnt>",NA,NA,NA,NA,1,NA,"N",NA,-19174.7999999998,6613908.6,2025
"02.42-108481","Torsteinvika","ZT39","Kyst","OEKK","Økosystemovervåking i kystvann (ØkoKyst)","Miljødirektoratet","NIVA","ANHIGHTSK","Høyde på ålegresseng (skala)",NA,"VS","Saltvann",99389,"Zostera marina","UKJENT","UKJENT",2025-08-12,NA,NA,NA,"Ufiltrert",NA,"=",3,"> 60 cm","<ubenevnt>",NA,NA,NA,NA,1,NA,"N",NA,-31555.9000000004,6581867.4,2025
"02.42-108481","Torsteinvika","ZT39","Kyst","OEKK","Økosystemovervåking i kystvann (ØkoKyst)","Miljødirektoratet","NIVA","MBDEKNSK","Dekningsgrad marine begroingsalger (skala)",NA,"VS","Saltvann",0,"Artsuavhengig","UKJENT","UKJENT",2025-08-12,0,0,"m","Ufiltrert",NA,"=",2,"Spredt forekomst (dekningsgrad <15%)","<ubenevnt>",NA,NA,NA,NA,1,NA,"N",NA,-31555.9000000004,6581867.4,2025
"02.80-108482","Midttunvågen","ZT34","Kyst","OEKK","Økosystemovervåking i kystvann (ØkoKyst)","Miljødirektoratet","NIVA","ANEQR_E","Angiospermer EQR eutrofiering",NA,"VS","Saltvann",0,"Artsuavhengig","UKJENT","UKJENT",2025-08-05,NA,NA,NA,"Ufiltrert",NA,"=",0.58,NA,"<ubenevnt>",NA,NA,NA,NA,1,NA,"N",NA,-35119.2999999998,6801574.8,2025
"02.42-128328","Foldøyna","ZR17","Kyst","OEKK","Økosystemovervåking i kystvann (ØkoKyst)","Miljødirektoratet","NIVA","ANNVGRTO","Absolutt nedre voksegrense angiospermer (takson)",NA,"VS","Saltvann",99389,"Zostera marina","UKJENT","UKJENT",2025-08-13,NA,NA,NA,"Ufiltrert",NA,"=",8,NA,"m",NA,NA,NA,NA,1,NA,"N",NA,-12864.3606000002,6612046.7162,2025
"02.42-128328","Foldøyna","ZR17","Kyst","OEKK","Økosystemovervåking i kystvann (ØkoKyst)","Miljødirektoratet","NIVA","ANNVGR","Nedre voksegrense ålegresseng (takson)",NA,"VS","Saltvann",99389,"Zostera marina","UKJENT","UKJENT",2025-08-13,NA,NA,NA,"Ufiltrert",NA,"=",7.4,NA,"m",NA,NA,NA,NA,1,NA,"N",NA,-12864.3606000002,6612046.7162,2025
"02.42-128329","Foreneset","ZR16","Kyst","OEKK","Økosystemovervåking i kystvann (ØkoKyst)","Miljødirektoratet","NIVA","ANNVGRTO","Absolutt nedre voksegrense angiospermer (takson)",NA,"VS","Saltvann",99389,"Zostera marina","UKJENT","UKJENT",2025-08-12,NA,NA,NA,"Ufiltrert",NA,"=",6.8,NA,"m",NA,NA,NA,NA,1,NA,"N",NA,-7965.39749999996,6590324.2687,2025
"02.42-128329","Foreneset","ZR16","Kyst","OEKK","Økosystemovervåking i kystvann (ØkoKyst)","Miljødirektoratet","NIVA","MBDEKNSK","Dekningsgrad marine begroingsalger (skala)",NA,"VS","Saltvann",0,"Artsuavhengig","UKJENT","UKJENT",2025-08-12,0,0,"m","Ufiltrert",NA,"=",1,"Lite begroingsalger","<ubenevnt>",NA,NA,NA,NA,1,NA,"N",NA,-7965.39749999996,6590324.2687,2025
"02.42-108480","Nedstrand","ZT38","Kyst","OEKK","Økosystemovervåking i kystvann (ØkoKyst)","Miljødirektoratet","NIVA","ANCPHIGHTSK","Canopyhøyde på ålegresseng (skala)",NA,"VS","Saltvann",99389,"Zostera marina","UKJENT","UKJENT",2025-08-13,NA,NA,NA,"Ufiltrert",NA,"=",3,"> 60 cm","<ubenevnt>",NA,NA,NA,NA,1,NA,"N",NA,-19174.7999999998,6613908.6,2025
"02.42-108480","Nedstrand","ZT38","Kyst","OEKK","Økosystemovervåking i kystvann (ØkoKyst)","Miljødirektoratet","NIVA","ANEQR_E","Angiospermer EQR eutrofiering",NA,"VS","Saltvann",0,"Artsuavhengig","UKJENT","UKJENT",2025-08-13,NA,NA,NA,"Ufiltrert",NA,"=",0.8,NA,"<ubenevnt>",NA,NA,NA,NA,1,NA,"N",NA,-19174.7999999998,6613908.6,2025
"02.42-108481","Torsteinvika","ZT39","Kyst","OEKK","Økosystemovervåking i kystvann (ØkoKyst)","Miljødirektoratet","NIVA","ANEQR_E","Angiospermer EQR eutrofiering",NA,"VS","Saltvann",0,"Artsuavhengig","UKJENT","UKJENT",2025-08-12,NA,NA,NA,"Ufiltrert",NA,"=",0.95,NA,"<ubenevnt>",NA,NA,NA,NA,1,NA,"N",NA,-31555.9000000004,6581867.4,2025
"02.80-108482","Midttunvågen","ZT34","Kyst","OEKK","Økosystemovervåking i kystvann (ØkoKyst)","Miljødirektoratet","NIVA","ANHIGHTSK","Høyde på ålegresseng (skala)",NA,"VS","Saltvann",99389,"Zostera marina","UKJENT","UKJENT",2025-08-05,NA,NA,NA,"Ufiltrert",NA,"=",3,"> 60 cm","<ubenevnt>",NA,NA,NA,NA,1,NA,"N",NA,-35119.2999999998,6801574.8,2025
"02.42-128328","Foldøyna","ZR17","Kyst","OEKK","Økosystemovervåking i kystvann (ØkoKyst)","Miljødirektoratet","NIVA","ANHIGHTSK","Høyde på ålegresseng (skala)",NA,"VS","Saltvann",99389,"Zostera marina","UKJENT","UKJENT",2025-08-13,NA,NA,NA,"Ufiltrert",NA,"=",3,"> 60 cm","<ubenevnt>",NA,NA,NA,NA,1,NA,"N",NA,-12864.3606000002,6612046.7162,2025
"02.42-128328","Foldøyna","ZR17","Kyst","OEKK","Økosystemovervåking i kystvann (ØkoKyst)","Miljødirektoratet","NIVA","ANEQR_E","Angiospermer EQR eutrofiering",NA,"VS","Saltvann",0,"Artsuavhengig","UKJENT","UKJENT",2025-08-13,NA,NA,NA,"Ufiltrert",NA,"=",0.8,NA,"<ubenevnt>",NA,NA,NA,NA,1,NA,"N",NA,-12864.3606000002,6612046.7162,2025
"02.42-128329","Foreneset","ZR16","Kyst","OEKK","Økosystemovervåking i kystvann (ØkoKyst)","Miljødirektoratet","NIVA","ANTIZM","Eutrofiindeks ålegress (Zostera marina)",NA,"VS","Saltvann",0,"Artsuavhengig","UKJENT","UKJENT",2025-08-12,NA,NA,NA,"Ufiltrert",NA,"=",0.9,NA,"<ubenevnt>",NA,NA,NA,NA,1,NA,"N",NA,-7965.39749999996,6590324.2687,2025
"02.42-108481","Torsteinvika","ZT39","Kyst","OEKK","Økosystemovervåking i kystvann (ØkoKyst)","Miljødirektoratet","NIVA","ANNVGR","Nedre voksegrense ålegresseng (takson)",NA,"VS","Saltvann",99389,"Zostera marina","UKJENT","UKJENT",2025-08-12,NA,NA,NA,"Ufiltrert",NA,"=",9.3,NA,"m",NA,NA,NA,NA,1,NA,"N",NA,-31555.9000000004,6581867.4,2025
"02.80-108482","Midttunvågen","ZT34","Kyst","OEKK","Økosystemovervåking i kystvann (ØkoKyst)","Miljødirektoratet","NIVA","ANNVGR","Nedre voksegrense ålegresseng (takson)",NA,"VS","Saltvann",99389,"Zostera marina","UKJENT","UKJENT",2025-08-05,NA,NA,NA,"Ufiltrert",NA,"=",3.5,NA,"m",NA,NA,NA,NA,1,NA,"N",NA,-35119.2999999998,6801574.8,2025
"02.80-108482","Midttunvågen","ZT34","Kyst","OEKK","Økosystemovervåking i kystvann (ØkoKyst)","Miljødirektoratet","NIVA","ANCPHIGHTSK","Canopyhøyde på ålegresseng (skala)",NA,"VS","Saltvann",99389,"Zostera marina","UKJENT","UKJENT",2025-08-05,NA,NA,NA,"Ufiltrert",NA,"=",3,"> 60 cm","<ubenevnt>",NA,NA,NA,NA,1,NA,"N",NA,-35119.2999999998,6801574.8,2025
"02.80-108482","Midttunvågen","ZT34","Kyst","OEKK","Økosystemovervåking i kystvann (ØkoKyst)","Miljødirektoratet","NIVA","MBDEKNSK","Dekningsgrad marine begroingsalger (skala)",NA,"VS","Saltvann",0,"Artsuavhengig","UKJENT","UKJENT",2025-08-05,0,0,"m","Ufiltrert",NA,"=",2,"Spredt forekomst (dekningsgrad <15%)","<ubenevnt>",NA,NA,NA,NA,1,NA,"N",NA,-35119.2999999998,6801574.8,2025
"02.42-111435","Jonebukta","ZT36","Kyst","OEKK","Økosystemovervåking i kystvann (ØkoKyst)","Miljødirektoratet","NIVA","ANCPHIGHTSK","Canopyhøyde på ålegresseng (skala)",NA,"VS","Saltvann",99389,"Zostera marina","UKJENT","UKJENT",2025-08-14,NA,NA,NA,"Ufiltrert",NA,"=",3,"> 60 cm","<ubenevnt>",NA,NA,NA,NA,1,NA,"N",NA,-48117.9710999997,6609317.0766,2025
"02.42-108480","Nedstrand","ZT38","Kyst","OEKK","Økosystemovervåking i kystvann (ØkoKyst)","Miljødirektoratet","NIVA","ANDEKNSK","Dekningsgrad ålegresseng (skala)",NA,"VS","Saltvann",99389,"Zostera marina","UKJENT","UKJENT",2025-08-13,NA,NA,NA,"Ufiltrert",NA,"=",4,"Tett, heldekkende eng","<ubenevnt>",NA,NA,NA,NA,1,NA,"N",NA,-19174.7999999998,6613908.6,2025
"02.42-108481","Torsteinvika","ZT39","Kyst","OEKK","Økosystemovervåking i kystvann (ØkoKyst)","Miljødirektoratet","NIVA","ANCPHIGHTSK","Canopyhøyde på ålegresseng (skala)",NA,"VS","Saltvann",99389,"Zostera marina","UKJENT","UKJENT",2025-08-12,NA,NA,NA,"Ufiltrert",NA,"=",3,"> 60 cm","<ubenevnt>",NA,NA,NA,NA,1,NA,"N",NA,-31555.9000000004,6581867.4,2025
"02.42-111435","Jonebukta","ZT36","Kyst","OEKK","Økosystemovervåking i kystvann (ØkoKyst)","Miljødirektoratet","NIVA","ANEQR_E","Angiospermer EQR eutrofiering",NA,"VS","Saltvann",0,"Artsuavhengig","UKJENT","UKJENT",2025-08-14,NA,NA,NA,"Ufiltrert",NA,"=",0.88,NA,"<ubenevnt>",NA,NA,NA,NA,1,NA,"N",NA,-48117.9710999997,6609317.0766,2025
"02.42-128328","Foldøyna","ZR17","Kyst","OEKK","Økosystemovervåking i kystvann (ØkoKyst)","Miljødirektoratet","NIVA","ANDEKNSK","Dekningsgrad ålegresseng (skala)",NA,"VS","Saltvann",99389,"Zostera marina","UKJENT","UKJENT",2025-08-13,NA,NA,NA,"Ufiltrert",NA,"=",4,"Tett, heldekkende eng","<ubenevnt>",NA,NA,NA,NA,1,NA,"N",NA,-12864.3606000002,6612046.7162,2025
"02.42-128328","Foldøyna","ZR17","Kyst","OEKK","Økosystemovervåking i kystvann (ØkoKyst)","Miljødirektoratet","NIVA","ANTIZM","Eutrofiindeks ålegress (Zostera marina)",NA,"VS","Saltvann",0,"Artsuavhengig","UKJENT","UKJENT",2025-08-13,NA,NA,NA,"Ufiltrert",NA,"=",0.8,NA,"<ubenevnt>",NA,NA,NA,NA,1,NA,"N",NA,-12864.3606000002,6612046.7162,2025
"02.42-128329","Foreneset","ZR16","Kyst","OEKK","Økosystemovervåking i kystvann (ØkoKyst)","Miljødirektoratet","NIVA","ANNVGR","Nedre voksegrense ålegresseng (takson)",NA,"VS","Saltvann",99389,"Zostera marina","UKJENT","UKJENT",2025-08-12,NA,NA,NA,"Ufiltrert",NA,"=",6.8,NA,"m",NA,NA,NA,NA,1,NA,"N",NA,-7965.39749999996,6590324.2687,2025
"02.42-128329","Foreneset","ZR16","Kyst","OEKK","Økosystemovervåking i kystvann (ØkoKyst)","Miljødirektoratet","NIVA","ANDEKNSK","Dekningsgrad ålegresseng (skala)",NA,"VS","Saltvann",99389,"Zostera marina","UKJENT","UKJENT",2025-08-12,NA,NA,NA,"Ufiltrert",NA,"=",4,"Tett, heldekkende eng","<ubenevnt>",NA,NA,NA,NA,1,NA,"N",NA,-7965.39749999996,6590324.2687,2025
"02.42-108480","Nedstrand","ZT38","Kyst","OEKK","Økosystemovervåking i kystvann (ØkoKyst)","Miljødirektoratet","NIVA","ANNVGR","Nedre voksegrense ålegresseng (takson)",NA,"VS","Saltvann",99389,"Zostera marina","UKJENT","UKJENT",2025-08-13,NA,NA,NA,"Ufiltrert",NA,"=",7.3,NA,"m",NA,NA,NA,NA,1,NA,"N",NA,-19174.7999999998,6613908.6,2025
"02.42-108481","Torsteinvika","ZT39","Kyst","OEKK","Økosystemovervåking i kystvann (ØkoKyst)","Miljødirektoratet","NIVA","ANNVGRTO","Absolutt nedre voksegrense angiospermer (takson)",NA,"VS","Saltvann",99389,"Zostera marina","UKJENT","UKJENT",2025-08-12,NA,NA,NA,"Ufiltrert",NA,"=",10,NA,"m",NA,NA,NA,NA,1,NA,"N",NA,-31555.9000000004,6581867.4,2025
"02.80-108482","Midttunvågen","ZT34","Kyst","OEKK","Økosystemovervåking i kystvann (ØkoKyst)","Miljødirektoratet","NIVA","ANDEKNSK","Dekningsgrad ålegresseng (skala)",NA,"VS","Saltvann",99389,"Zostera marina","UKJENT","UKJENT",2025-08-05,NA,NA,NA,"Ufiltrert",NA,"=",3,"Flekkvis tett eng (markert flekkvis forekomst)","<ubenevnt>",NA,NA,NA,NA,1,NA,"N",NA,-35119.2999999998,6801574.8,2025
"02.42-111435","Jonebukta","ZT36","Kyst","OEKK","Økosystemovervåking i kystvann (ØkoKyst)","Miljødirektoratet","NIVA","ANNVGR","Nedre voksegrense ålegresseng (takson)",NA,"VS","Saltvann",99389,"Zostera marina","UKJENT","UKJENT",2025-08-14,NA,NA,NA,"Ufiltrert",NA,"=",8.6,NA,"m",NA,NA,NA,NA,1,NA,"N",NA,-48117.9710999997,6609317.0766,2025
"02.42-128328","Foldøyna","ZR17","Kyst","OEKK","Økosystemovervåking i kystvann (ØkoKyst)","Miljødirektoratet","NIVA","ANCPHIGHTSK","Canopyhøyde på ålegresseng (skala)",NA,"VS","Saltvann",99389,"Zostera marina","UKJENT","UKJENT",2025-08-13,NA,NA,NA,"Ufiltrert",NA,"=",3,"> 60 cm","<ubenevnt>",NA,NA,NA,NA,1,NA,"N",NA,-12864.3606000002,6612046.7162,2025
"02.42-108480","Nedstrand","ZT38","Kyst","OEKK","Økosystemovervåking i kystvann (ØkoKyst)","Miljødirektoratet","NIVA","ANTIZM","Eutrofiindeks ålegress (Zostera marina)",NA,"VS","Saltvann",0,"Artsuavhengig","UKJENT","UKJENT",2025-08-13,NA,NA,NA,"Ufiltrert",NA,"=",0.8,NA,"<ubenevnt>",NA,NA,NA,NA,1,NA,"N",NA,-19174.7999999998,6613908.6,2025
"02.42-108480","Nedstrand","ZT38","Kyst","OEKK","Økosystemovervåking i kystvann (ØkoKyst)","Miljødirektoratet","NIVA","ANHIGHTSK","Høyde på ålegresseng (skala)",NA,"VS","Saltvann",99389,"Zostera marina","UKJENT","UKJENT",2025-08-13,NA,NA,NA,"Ufiltrert",NA,"=",3,"> 60 cm","<ubenevnt>",NA,NA,NA,NA,1,NA,"N",NA,-19174.7999999998,6613908.6,2025
"02.80-108482","Midttunvågen","ZT34","Kyst","OEKK","Økosystemovervåking i kystvann (ØkoKyst)","Miljødirektoratet","NIVA","ANNVGRTO","Absolutt nedre voksegrense angiospermer (takson)",NA,"VS","Saltvann",99389,"Zostera marina","UKJENT","UKJENT",2025-08-05,NA,NA,NA,"Ufiltrert",NA,"=",3.7,NA,"m",NA,NA,NA,NA,1,NA,"N",NA,-35119.2999999998,6801574.8,2025
"03.20-108479","Leksvik","ZT29","Kyst","OEKK","Økosystemovervåking i kystvann (ØkoKyst)","Miljødirektoratet","NIVA","ANDEKNSK","Dekningsgrad ålegresseng (skala)",NA,"VS","Saltvann",99389,"Zostera marina","UKJENT","UKJENT",2025-08-07,NA,NA,NA,"Ufiltrert",NA,"=",3,"Flekkvis tett eng (markert flekkvis forekomst)","<ubenevnt>",NA,NA,NA,NA,1,NA,"N",NA,282939.6,7067049.8,2025
"03.20-108479","Leksvik","ZT29","Kyst","OEKK","Økosystemovervåking i kystvann (ØkoKyst)","Miljødirektoratet","NIVA","ANHIGHTSK","Høyde på ålegresseng (skala)",NA,"VS","Saltvann",99389,"Zostera marina","UKJENT","UKJENT",2025-08-07,NA,NA,NA,"Ufiltrert",NA,"=",3,"> 60 cm","<ubenevnt>",NA,NA,NA,NA,1,NA,"N",NA,282939.6,7067049.8,2025
"03.20-111436","Sørhamna","ZR10","Kyst","OEKK","Økosystemovervåking i kystvann (ØkoKyst)","Miljødirektoratet","NIVA","ANCPHIGHTSK","Canopyhøyde på ålegresseng (skala)",NA,"VS","Saltvann",99389,"Zostera marina","UKJENT","UKJENT",2025-08-07,NA,NA,NA,"Ufiltrert",NA,"=",3,"> 60 cm","<ubenevnt>",NA,NA,NA,NA,1,NA,"N",NA,283200.3472,7057237.8608,2025
"03.20-108479","Leksvik","ZT29","Kyst","OEKK","Økosystemovervåking i kystvann (ØkoKyst)","Miljødirektoratet","NIVA","ANCPHIGHTSK","Canopyhøyde på ålegresseng (skala)",NA,"VS","Saltvann",99389,"Zostera marina","UKJENT","UKJENT",2025-08-07,NA,NA,NA,"Ufiltrert",NA,"=",3,"> 60 cm","<ubenevnt>",NA,NA,NA,NA,1,NA,"N",NA,282939.6,7067049.8,2025
"03.20-108479","Leksvik","ZT29","Kyst","OEKK","Økosystemovervåking i kystvann (ØkoKyst)","Miljødirektoratet","NIVA","ANTIZM","Eutrofiindeks ålegress (Zostera marina)",NA,"VS","Saltvann",0,"Artsuavhengig","UKJENT","UKJENT",2025-08-07,NA,NA,NA,"Ufiltrert",NA,"=",0.53,NA,"<ubenevnt>",NA,NA,NA,NA,1,NA,"N",NA,282939.6,7067049.8,2025
"03.20-111436","Sørhamna","ZR10","Kyst","OEKK","Økosystemovervåking i kystvann (ØkoKyst)","Miljødirektoratet","NIVA","ANNVGR","Nedre voksegrense ålegresseng (takson)",NA,"VS","Saltvann",99389,"Zostera marina","UKJENT","UKJENT",2025-08-07,NA,NA,NA,"Ufiltrert",NA,"=",3.4,NA,"m",NA,NA,NA,NA,1,NA,"N",NA,283200.3472,7057237.8608,2025
"03.20-111436","Sørhamna","ZR10","Kyst","OEKK","Økosystemovervåking i kystvann (ØkoKyst)","Miljødirektoratet","NIVA","ANHIGHTSK","Høyde på ålegresseng (skala)",NA,"VS","Saltvann",99389,"Zostera marina","UKJENT","UKJENT",2025-08-07,NA,NA,NA,"Ufiltrert",NA,"=",3,"> 60 cm","<ubenevnt>",NA,NA,NA,NA,1,NA,"N",NA,283200.3472,7057237.8608,2025
"03.20-111436","Sørhamna","ZR10","Kyst","OEKK","Økosystemovervåking i kystvann (ØkoKyst)","Miljødirektoratet","NIVA","ANEQR_E","Angiospermer EQR eutrofiering",NA,"VS","Saltvann",0,"Artsuavhengig","UKJENT","UKJENT",2025-08-07,NA,NA,NA,"Ufiltrert",NA,"=",0.58,NA,"<ubenevnt>",NA,NA,NA,NA,1,NA,"N",NA,283200.3472,7057237.8608,2025
"03.20-111436","Sørhamna","ZR10","Kyst","OEKK","Økosystemovervåking i kystvann (ØkoKyst)","Miljødirektoratet","NIVA","ANDEKNSK","Dekningsgrad ålegresseng (skala)",NA,"VS","Saltvann",99389,"Zostera marina","UKJENT","UKJENT",2025-08-07,NA,NA,NA,"Ufiltrert",NA,"=",3,"Flekkvis tett eng (markert flekkvis forekomst)","<ubenevnt>",NA,NA,NA,NA,1,NA,"N",NA,283200.3472,7057237.8608,2025
"03.20-108479","Leksvik","ZT29","Kyst","OEKK","Økosystemovervåking i kystvann (ØkoKyst)","Miljødirektoratet","NIVA","ANEQR_E","Angiospermer EQR eutrofiering",NA,"VS","Saltvann",0,"Artsuavhengig","UKJENT","UKJENT",2025-08-07,NA,NA,NA,"Ufiltrert",NA,"=",0.53,NA,"<ubenevnt>",NA,NA,NA,NA,1,NA,"N",NA,282939.6,7067049.8,2025
"03.20-108479","Leksvik","ZT29","Kyst","OEKK","Økosystemovervåking i kystvann (ØkoKyst)","Miljødirektoratet","NIVA","ANNVGR","Nedre voksegrense ålegresseng (takson)",NA,"VS","Saltvann",99389,"Zostera marina","UKJENT","UKJENT",2025-08-07,NA,NA,NA,"Ufiltrert",NA,"=",3.6,NA,"m",NA,NA,NA,NA,1,NA,"N",NA,282939.6,7067049.8,2025
"03.20-111436","Sørhamna","ZR10","Kyst","OEKK","Økosystemovervåking i kystvann (ØkoKyst)","Miljødirektoratet","NIVA","MBDEKNSK","Dekningsgrad marine begroingsalger (skala)",NA,"VS","Saltvann",0,"Artsuavhengig","UKJENT","UKJENT",2025-08-07,NA,NA,NA,"Ufiltrert",NA,"=",2,"Spredt forekomst (dekningsgrad <15%)","<ubenevnt>",NA,NA,NA,NA,1,NA,"N",NA,283200.3472,7057237.8608,2025
"03.20-108479","Leksvik","ZT29","Kyst","OEKK","Økosystemovervåking i kystvann (ØkoKyst)","Miljødirektoratet","NIVA","MBDEKNSK","Dekningsgrad marine begroingsalger (skala)",NA,"VS","Saltvann",0,"Artsuavhengig","UKJENT","UKJENT",2025-08-07,NA,NA,NA,"Ufiltrert",NA,"=",3,"Vanlig forekomst (dekningsgrad 15-50%)","<ubenevnt>",NA,NA,NA,NA,1,NA,"N",NA,282939.6,7067049.8,2025
"03.20-111436","Sørhamna","ZR10","Kyst","OEKK","Økosystemovervåking i kystvann (ØkoKyst)","Miljødirektoratet","NIVA","ANTIZM","Eutrofiindeks ålegress (Zostera marina)",NA,"VS","Saltvann",0,"Artsuavhengig","UKJENT","UKJENT",2025-08-07,NA,NA,NA,"Ufiltrert",NA,"=",0.58,NA,"<ubenevnt>",NA,NA,NA,NA,1,NA,"N",NA,283200.3472,7057237.8608,2025
"04.24-108390","Munkefjord","ZR14","Kyst","OEKK","Økosystemovervåking i kystvann (ØkoKyst)","Miljødirektoratet","Akvaplan-niva","ANTIZM","Eutrofiindeks ålegress (Zostera marina)",NA,"VS","Saltvann",0,"Artsuavhengig","UKJENT","UKJENT",2021-08-24,NA,NA,NA,"Ufiltrert",NA,"=",0.35,NA,"<ubenevnt>",NA,NA,NA,"AUTO",3,"ANNVGR+ANDEKNSK+MBDEKNSK","N",NA,1058489.3,7794751.5,2021
"04.24-108390","Munkefjord","ZR14","Kyst","OEKK","Økosystemovervåking i kystvann (ØkoKyst)","Miljødirektoratet","Akvaplan-niva","ANTIZM","Eutrofiindeks ålegress (Zostera marina)",NA,"VS","Saltvann",0,"Artsuavhengig","UKJENT","UKJENT",2023-08-30,NA,NA,NA,"Ufiltrert",NA,"=",0.35,NA,"<ubenevnt>",NA,NA,NA,"AUTO",3,"ANNVGR+ANDEKNSK+MBDEKNSK","N",NA,1058489.3,7794751.5,2023
"04.02-108469","Storsletta","ZR11","Kyst","OEKK","Økosystemovervåking i kystvann (ØkoKyst)","Miljødirektoratet","Akvaplan-niva","ANTIZM","Eutrofiindeks ålegress (Zostera marina)",NA,"VS","Saltvann",0,"Artsuavhengig","UKJENT","UKJENT",2021-08-23,NA,NA,NA,"Ufiltrert",NA,"=",0.325,NA,"<ubenevnt>",NA,NA,NA,"AUTO",3,"ANNVGR+ANDEKNSK+MBDEKNSK","N",NA,664335.4,7701658.4,2021
"04.02-108469","Storsletta","ZR11","Kyst","OEKK","Økosystemovervåking i kystvann (ØkoKyst)","Miljødirektoratet","Akvaplan-niva","ANTIZM","Eutrofiindeks ålegress (Zostera marina)",NA,"VS","Saltvann",0,"Artsuavhengig","UKJENT","UKJENT",2023-08-21,NA,NA,NA,"Ufiltrert",NA,"=",0.425,NA,"<ubenevnt>",NA,NA,NA,"AUTO",3,"ANNVGR+ANDEKNSK+MBDEKNSK","N",NA,664335.4,7701658.4,2023
"04.02-108469","Storsletta","ZR11","Kyst","OEKK","Økosystemovervåking i kystvann (ØkoKyst)","Miljødirektoratet","Akvaplan-niva","ANTIZM","Eutrofiindeks ålegress (Zostera marina)",NA,"VS","Saltvann",0,"Artsuavhengig","UKJENT","UKJENT",2024-08-29,NA,NA,NA,"Ufiltrert",NA,"=",0.275,NA,"<ubenevnt>",NA,NA,NA,"AUTO",3,"ANNVGR+ANDEKNSK+MBDEKNSK","N",NA,664335.4,7701658.4,2024
"04.02-108469","Storsletta","ZR11","Kyst","OEKK","Økosystemovervåking i kystvann (ØkoKyst)","Miljødirektoratet","Akvaplan-niva","ANTIZM","Eutrofiindeks ålegress (Zostera marina)",NA,"VS","Saltvann",0,"Artsuavhengig","UKJENT","UKJENT",2025-08-25,NA,NA,NA,"Ufiltrert",NA,"=",0.275,NA,"<ubenevnt>",NA,NA,NA,"AUTO",3,"ANNVGR+ANDEKNSK+MBDEKNSK","N",NA,664335.4,7701658.4,2025
"04.02-108470","Skjæret","ZR12","Kyst","OEKK","Økosystemovervåking i kystvann (ØkoKyst)","Miljødirektoratet","Akvaplan-niva","ANTIZM","Eutrofiindeks ålegress (Zostera marina)",NA,"VS","Saltvann",0,"Artsuavhengig","UKJENT","UKJENT",2021-08-23,NA,NA,NA,"Ufiltrert",NA,"=",0.425,NA,"<ubenevnt>",NA,NA,NA,"AUTO",3,"ANNVGR+ANDEKNSK+MBDEKNSK","N",NA,669457.9,7690588.3,2021
"04.02-108470","Skjæret","ZR12","Kyst","OEKK","Økosystemovervåking i kystvann (ØkoKyst)","Miljødirektoratet","Akvaplan-niva","ANTIZM","Eutrofiindeks ålegress (Zostera marina)",NA,"VS","Saltvann",0,"Artsuavhengig","UKJENT","UKJENT",2023-08-21,NA,NA,NA,"Ufiltrert",NA,"=",0.5,NA,"<ubenevnt>",NA,NA,NA,"AUTO",3,"ANNVGR+ANDEKNSK+MBDEKNSK","N",NA,669457.9,7690588.3,2023
"04.02-108470","Skjæret","ZR12","Kyst","OEKK","Økosystemovervåking i kystvann (ØkoKyst)","Miljødirektoratet","Akvaplan-niva","ANTIZM","Eutrofiindeks ålegress (Zostera marina)",NA,"VS","Saltvann",0,"Artsuavhengig","UKJENT","UKJENT",2024-08-29,NA,NA,NA,"Ufiltrert",NA,"=",0.35,NA,"<ubenevnt>",NA,NA,NA,"AUTO",3,"ANNVGR+ANDEKNSK+MBDEKNSK","N",NA,669457.9,7690588.3,2024
"03.20-108478","Sundsbukta","ZR9","Kyst","OEKK","Økosystemovervåking i kystvann (ØkoKyst)","Miljødirektoratet","NIVA","ANTIZM","Eutrofiindeks ålegress (Zostera marina)",NA,"VS","Saltvann",0,"Artsuavhengig","UKJENT","UKJENT",2021-08-13,NA,NA,NA,"Ufiltrert",NA,"=",0.35,NA,"<ubenevnt>",NA,NA,NA,"AUTO",3,"ANNVGR+ANDEKNSK+MBDEKNSK","N",NA,247631.4,7060397,2021
"03.20-108479","Leksvik","ZT29","Kyst","OEKK","Økosystemovervåking i kystvann (ØkoKyst)","Miljødirektoratet","NIVA","ANTIZM","Eutrofiindeks ålegress (Zostera marina)",NA,"VS","Saltvann",0,"Artsuavhengig","UKJENT","UKJENT",2021-08-13,NA,NA,NA,"Ufiltrert",NA,"=",0.25,NA,"<ubenevnt>",NA,NA,NA,"AUTO",3,"ANNVGR+ANDEKNSK+MBDEKNSK","N",NA,282939.6,7067049.8,2021
"03.20-108479","Leksvik","ZT29","Kyst","OEKK","Økosystemovervåking i kystvann (ØkoKyst)","Miljødirektoratet","NIVA","ANTIZM","Eutrofiindeks ålegress (Zostera marina)",NA,"VS","Saltvann",0,"Artsuavhengig","UKJENT","UKJENT",2022-08-05,NA,NA,NA,"Ufiltrert",NA,"=",0.425,NA,"<ubenevnt>",NA,NA,NA,"AUTO",3,"ANNVGR+ANDEKNSK+MBDEKNSK","N",NA,282939.6,7067049.8,2022
"03.20-108479","Leksvik","ZT29","Kyst","OEKK","Økosystemovervåking i kystvann (ØkoKyst)","Miljødirektoratet","NIVA","ANTIZM","Eutrofiindeks ålegress (Zostera marina)",NA,"VS","Saltvann",0,"Artsuavhengig","UKJENT","UKJENT",2023-08-16,NA,NA,NA,"Ufiltrert",NA,"=",0.425,NA,"<ubenevnt>",NA,NA,NA,"AUTO",3,"ANNVGR+ANDEKNSK+MBDEKNSK","N",NA,282939.6,7067049.8,2023
"03.20-108479","Leksvik","ZT29","Kyst","OEKK","Økosystemovervåking i kystvann (ØkoKyst)","Miljødirektoratet","NIVA","ANTIZM","Eutrofiindeks ålegress (Zostera marina)",NA,"VS","Saltvann",0,"Artsuavhengig","UKJENT","UKJENT",2024-08-14,NA,NA,NA,"Ufiltrert",NA,"=",0.375,NA,"<ubenevnt>",NA,NA,NA,"AUTO",3,"ANNVGR+ANDEKNSK+MBDEKNSK","N",NA,282939.6,7067049.8,2024
"03.20-108479","Leksvik","ZT29","Kyst","OEKK","Økosystemovervåking i kystvann (ØkoKyst)","Miljødirektoratet","NIVA","ANTIZM","Eutrofiindeks ålegress (Zostera marina)",NA,"VS","Saltvann",0,"Artsuavhengig","UKJENT","UKJENT",2025-08-07,NA,NA,NA,"Ufiltrert",NA,"=",0.325,NA,"<ubenevnt>",NA,NA,NA,"AUTO",3,"ANNVGR+ANDEKNSK+MBDEKNSK","N",NA,282939.6,7067049.8,2025
"02.42-108480","Nedstrand","ZT38","Kyst","OEKK","Økosystemovervåking i kystvann (ØkoKyst)","Miljødirektoratet","NIVA","ANTIZM","Eutrofiindeks ålegress (Zostera marina)",NA,"VS","Saltvann",0,"Artsuavhengig","UKJENT","UKJENT",2021-08-17,NA,NA,NA,"Ufiltrert",NA,"=",0.8,NA,"<ubenevnt>",NA,NA,NA,"AUTO",3,"ANNVGR+ANDEKNSK+MBDEKNSK","N",NA,-19174.7999999998,6613908.6,2021
"02.42-108480","Nedstrand","ZT38","Kyst","OEKK","Økosystemovervåking i kystvann (ØkoKyst)","Miljødirektoratet","NIVA","ANTIZM","Eutrofiindeks ålegress (Zostera marina)",NA,"VS","Saltvann",0,"Artsuavhengig","UKJENT","UKJENT",2022-08-09,NA,NA,NA,"Ufiltrert",NA,"=",0.9,NA,"<ubenevnt>",NA,NA,NA,"AUTO",3,"ANNVGR+ANDEKNSK+MBDEKNSK","N",NA,-19174.7999999998,6613908.6,2022
"02.42-108480","Nedstrand","ZT38","Kyst","OEKK","Økosystemovervåking i kystvann (ØkoKyst)","Miljødirektoratet","NIVA","ANTIZM","Eutrofiindeks ålegress (Zostera marina)",NA,"VS","Saltvann",0,"Artsuavhengig","UKJENT","UKJENT",2023-08-10,NA,NA,NA,"Ufiltrert",NA,"=",0.95,NA,"<ubenevnt>",NA,NA,NA,"AUTO",3,"ANNVGR+ANDEKNSK+MBDEKNSK","N",NA,-19174.7999999998,6613908.6,2023
"02.42-108480","Nedstrand","ZT38","Kyst","OEKK","Økosystemovervåking i kystvann (ØkoKyst)","Miljødirektoratet","NIVA","ANTIZM","Eutrofiindeks ålegress (Zostera marina)",NA,"VS","Saltvann",0,"Artsuavhengig","UKJENT","UKJENT",2024-08-08,NA,NA,NA,"Ufiltrert",NA,"=",0.85,NA,"<ubenevnt>",NA,NA,NA,"AUTO",3,"ANNVGR+ANDEKNSK+MBDEKNSK","N",NA,-19174.7999999998,6613908.6,2024
"02.42-108480","Nedstrand","ZT38","Kyst","OEKK","Økosystemovervåking i kystvann (ØkoKyst)","Miljødirektoratet","NIVA","ANTIZM","Eutrofiindeks ålegress (Zostera marina)",NA,"VS","Saltvann",0,"Artsuavhengig","UKJENT","UKJENT",2025-08-13,NA,NA,NA,"Ufiltrert",NA,"=",0.8,NA,"<ubenevnt>",NA,NA,NA,"AUTO",3,"ANNVGR+ANDEKNSK+MBDEKNSK","N",NA,-19174.7999999998,6613908.6,2025
"02.42-108481","Torsteinvika","ZT39","Kyst","OEKK","Økosystemovervåking i kystvann (ØkoKyst)","Miljødirektoratet","NIVA","ANTIZM","Eutrofiindeks ålegress (Zostera marina)",NA,"VS","Saltvann",0,"Artsuavhengig","UKJENT","UKJENT",2021-08-17,NA,NA,NA,"Ufiltrert",NA,"=",0.9,NA,"<ubenevnt>",NA,NA,NA,"AUTO",3,"ANNVGR+ANDEKNSK+MBDEKNSK","N",NA,-31555.9000000004,6581867.4,2021
"02.42-108481","Torsteinvika","ZT39","Kyst","OEKK","Økosystemovervåking i kystvann (ØkoKyst)","Miljødirektoratet","NIVA","ANTIZM","Eutrofiindeks ålegress (Zostera marina)",NA,"VS","Saltvann",0,"Artsuavhengig","UKJENT","UKJENT",2022-08-09,NA,NA,NA,"Ufiltrert",NA,"=",0.95,NA,"<ubenevnt>",NA,NA,NA,"AUTO",3,"ANNVGR+ANDEKNSK+MBDEKNSK","N",NA,-31555.9000000004,6581867.4,2022
"02.42-108481","Torsteinvika","ZT39","Kyst","OEKK","Økosystemovervåking i kystvann (ØkoKyst)","Miljødirektoratet","NIVA","ANTIZM","Eutrofiindeks ålegress (Zostera marina)",NA,"VS","Saltvann",0,"Artsuavhengig","UKJENT","UKJENT",2023-08-10,NA,NA,NA,"Ufiltrert",NA,"=",1,NA,"<ubenevnt>",NA,NA,NA,"AUTO",3,"ANNVGR+ANDEKNSK+MBDEKNSK","N",NA,-31555.9000000004,6581867.4,2023
"02.42-108481","Torsteinvika","ZT39","Kyst","OEKK","Økosystemovervåking i kystvann (ØkoKyst)","Miljødirektoratet","NIVA","ANTIZM","Eutrofiindeks ålegress (Zostera marina)",NA,"VS","Saltvann",0,"Artsuavhengig","UKJENT","UKJENT",2024-08-06,NA,NA,NA,"Ufiltrert",NA,"=",0.875,NA,"<ubenevnt>",NA,NA,NA,"AUTO",3,"ANNVGR+ANDEKNSK+MBDEKNSK","N",NA,-31555.9000000004,6581867.4,2024
"02.42-108481","Torsteinvika","ZT39","Kyst","OEKK","Økosystemovervåking i kystvann (ØkoKyst)","Miljødirektoratet","NIVA","ANTIZM","Eutrofiindeks ålegress (Zostera marina)",NA,"VS","Saltvann",0,"Artsuavhengig","UKJENT","UKJENT",2025-08-12,NA,NA,NA,"Ufiltrert",NA,"=",0.95,NA,"<ubenevnt>",NA,NA,NA,"AUTO",3,"ANNVGR+ANDEKNSK+MBDEKNSK","N",NA,-31555.9000000004,6581867.4,2025
"02.80-108482","Midttunvågen","ZT34","Kyst","OEKK","Økosystemovervåking i kystvann (ØkoKyst)","Miljødirektoratet","NIVA","ANTIZM","Eutrofiindeks ålegress (Zostera marina)",NA,"VS","Saltvann",0,"Artsuavhengig","UKJENT","UKJENT",2021-08-11,NA,NA,NA,"Ufiltrert",NA,"=",0.525,NA,"<ubenevnt>",NA,NA,NA,"AUTO",3,"ANNVGR+ANDEKNSK+MBDEKNSK","N",NA,-35119.2999999998,6801574.8,2021
"02.80-108482","Midttunvågen","ZT34","Kyst","OEKK","Økosystemovervåking i kystvann (ØkoKyst)","Miljødirektoratet","NIVA","ANTIZM","Eutrofiindeks ålegress (Zostera marina)",NA,"VS","Saltvann",0,"Artsuavhengig","UKJENT","UKJENT",2022-08-03,NA,NA,NA,"Ufiltrert",NA,"=",0.7,NA,"<ubenevnt>",NA,NA,NA,"AUTO",3,"ANNVGR+ANDEKNSK+MBDEKNSK","N",NA,-35119.2999999998,6801574.8,2022
"02.80-108482","Midttunvågen","ZT34","Kyst","OEKK","Økosystemovervåking i kystvann (ØkoKyst)","Miljødirektoratet","NIVA","ANTIZM","Eutrofiindeks ålegress (Zostera marina)",NA,"VS","Saltvann",0,"Artsuavhengig","UKJENT","UKJENT",2023-08-15,NA,NA,NA,"Ufiltrert",NA,"=",0.625,NA,"<ubenevnt>",NA,NA,NA,"AUTO",3,"ANNVGR+ANDEKNSK+MBDEKNSK","N",NA,-35119.2999999998,6801574.8,2023
"02.80-108482","Midttunvågen","ZT34","Kyst","OEKK","Økosystemovervåking i kystvann (ØkoKyst)","Miljødirektoratet","NIVA","ANTIZM","Eutrofiindeks ålegress (Zostera marina)",NA,"VS","Saltvann",0,"Artsuavhengig","UKJENT","UKJENT",2024-08-13,NA,NA,NA,"Ufiltrert",NA,"=",0.575,NA,"<ubenevnt>",NA,NA,NA,"AUTO",3,"ANNVGR+ANDEKNSK+MBDEKNSK","N",NA,-35119.2999999998,6801574.8,2024
"02.80-108482","Midttunvågen","ZT34","Kyst","OEKK","Økosystemovervåking i kystvann (ØkoKyst)","Miljødirektoratet","NIVA","ANTIZM","Eutrofiindeks ålegress (Zostera marina)",NA,"VS","Saltvann",0,"Artsuavhengig","UKJENT","UKJENT",2025-08-05,NA,NA,NA,"Ufiltrert",NA,"=",0.575,NA,"<ubenevnt>",NA,NA,NA,"AUTO",3,"ANNVGR+ANDEKNSK+MBDEKNSK","N",NA,-35119.2999999998,6801574.8,2025
"02.42-108483","Vikevågen","ZT37","Kyst","OEKK","Økosystemovervåking i kystvann (ØkoKyst)","Miljødirektoratet","NIVA","ANTIZM","Eutrofiindeks ålegress (Zostera marina)",NA,"VS","Saltvann",0,"Artsuavhengig","UKJENT","UKJENT",2021-08-17,NA,NA,NA,"Ufiltrert",NA,"=",0.425,NA,"<ubenevnt>",NA,NA,NA,"AUTO",3,"ANNVGR+ANDEKNSK+MBDEKNSK","N",NA,-54926.5999999996,6597495.7,2021
"02.42-111435","Jonebukta","ZT36","Kyst","OEKK","Økosystemovervåking i kystvann (ØkoKyst)","Miljødirektoratet","NIVA","ANTIZM","Eutrofiindeks ålegress (Zostera marina)",NA,"VS","Saltvann",0,"Artsuavhengig","UKJENT","UKJENT",2022-08-09,NA,NA,NA,"Ufiltrert",NA,"=",0.9,NA,"<ubenevnt>",NA,NA,NA,"AUTO",3,"ANNVGR+ANDEKNSK+MBDEKNSK","N",NA,-48117.9710999997,6609317.0766,2022
"02.42-111435","Jonebukta","ZT36","Kyst","OEKK","Økosystemovervåking i kystvann (ØkoKyst)","Miljødirektoratet","NIVA","ANTIZM","Eutrofiindeks ålegress (Zostera marina)",NA,"VS","Saltvann",0,"Artsuavhengig","UKJENT","UKJENT",2023-08-10,NA,NA,NA,"Ufiltrert",NA,"=",0.825,NA,"<ubenevnt>",NA,NA,NA,"AUTO",3,"ANNVGR+ANDEKNSK+MBDEKNSK","N",NA,-48117.9710999997,6609317.0766,2023
"02.42-111435","Jonebukta","ZT36","Kyst","OEKK","Økosystemovervåking i kystvann (ØkoKyst)","Miljødirektoratet","NIVA","ANTIZM","Eutrofiindeks ålegress (Zostera marina)",NA,"VS","Saltvann",0,"Artsuavhengig","UKJENT","UKJENT",2024-08-07,NA,NA,NA,"Ufiltrert",NA,"=",0.9,NA,"<ubenevnt>",NA,NA,NA,"AUTO",3,"ANNVGR+ANDEKNSK+MBDEKNSK","N",NA,-48117.9710999997,6609317.0766,2024
"02.42-111435","Jonebukta","ZT36","Kyst","OEKK","Økosystemovervåking i kystvann (ØkoKyst)","Miljødirektoratet","NIVA","ANTIZM","Eutrofiindeks ålegress (Zostera marina)",NA,"VS","Saltvann",0,"Artsuavhengig","UKJENT","UKJENT",2025-08-14,NA,NA,NA,"Ufiltrert",NA,"=",0.875,NA,"<ubenevnt>",NA,NA,NA,"AUTO",3,"ANNVGR+ANDEKNSK+MBDEKNSK","N",NA,-48117.9710999997,6609317.0766,2025
"03.20-111436","Sørhamna","ZR10","Kyst","OEKK","Økosystemovervåking i kystvann (ØkoKyst)","Miljødirektoratet","NIVA","ANTIZM","Eutrofiindeks ålegress (Zostera marina)",NA,"VS","Saltvann",0,"Artsuavhengig","UKJENT","UKJENT",2022-08-04,NA,NA,NA,"Ufiltrert",NA,"=",0.425,NA,"<ubenevnt>",NA,NA,NA,"AUTO",3,"ANNVGR+ANDEKNSK+MBDEKNSK","N",NA,283200.3472,7057237.8608,2022
"03.20-111436","Sørhamna","ZR10","Kyst","OEKK","Økosystemovervåking i kystvann (ØkoKyst)","Miljødirektoratet","NIVA","ANTIZM","Eutrofiindeks ålegress (Zostera marina)",NA,"VS","Saltvann",0,"Artsuavhengig","UKJENT","UKJENT",2023-08-17,NA,NA,NA,"Ufiltrert",NA,"=",0.425,NA,"<ubenevnt>",NA,NA,NA,"AUTO",3,"ANNVGR+ANDEKNSK+MBDEKNSK","N",NA,283200.3472,7057237.8608,2023
"03.20-111436","Sørhamna","ZR10","Kyst","OEKK","Økosystemovervåking i kystvann (ØkoKyst)","Miljødirektoratet","NIVA","ANTIZM","Eutrofiindeks ålegress (Zostera marina)",NA,"VS","Saltvann",0,"Artsuavhengig","UKJENT","UKJENT",2024-08-15,NA,NA,NA,"Ufiltrert",NA,"=",0.375,NA,"<ubenevnt>",NA,NA,NA,"AUTO",3,"ANNVGR+ANDEKNSK+MBDEKNSK","N",NA,283200.3472,7057237.8608,2024
"03.20-111436","Sørhamna","ZR10","Kyst","OEKK","Økosystemovervåking i kystvann (ØkoKyst)","Miljødirektoratet","NIVA","ANTIZM","Eutrofiindeks ålegress (Zostera marina)",NA,"VS","Saltvann",0,"Artsuavhengig","UKJENT","UKJENT",2025-08-07,NA,NA,NA,"Ufiltrert",NA,"=",0.375,NA,"<ubenevnt>",NA,NA,NA,"AUTO",3,"ANNVGR+ANDEKNSK+MBDEKNSK","N",NA,283200.3472,7057237.8608,2025
"04.20-123223","Rafsbotn (Reassvuotna)","ZR27","Kyst","OEKK","Økosystemovervåking i kystvann (ØkoKyst)","Miljødirektoratet","Akvaplan-niva","ANTIZM","Eutrofiindeks ålegress (Zostera marina)",NA,"VS","Saltvann",0,"Artsuavhengig","UKJENT","UKJENT",2025-08-07,NA,NA,NA,"Ufiltrert",NA,"=",0.325,NA,"<ubenevnt>",NA,NA,NA,"AUTO",3,"ANNVGR+ANDEKNSK+MBDEKNSK","N",NA,822643.8198,7790421.3866,2025
"03.63-128319","Mjønesosen","ZR2","Kyst","OEKK","Økosystemovervåking i kystvann (ØkoKyst)","Miljødirektoratet","Akvaplan-niva","ANTIZM","Eutrofiindeks ålegress (Zostera marina)",NA,"VS","Saltvann",0,"Artsuavhengig","UKJENT","UKJENT",2025-08-27,NA,NA,NA,"Ufiltrert",NA,"=",0.275,NA,"<ubenevnt>",NA,NA,NA,"AUTO",3,"ANNVGR+ANDEKNSK+MBDEKNSK","N",NA,500956.5934,7464460.3071,2025
"04.01-128320","Rongsåvika-Sålvikskjæret (Salangen)","ZT1","Kyst","OEKK","Økosystemovervåking i kystvann (ØkoKyst)","Miljødirektoratet","Akvaplan-niva","ANTIZM","Eutrofiindeks ålegress (Zostera marina)",NA,"VS","Saltvann",0,"Artsuavhengig","UKJENT","UKJENT",2025-08-12,NA,NA,NA,"Ufiltrert",NA,"=",0.275,NA,"<ubenevnt>",NA,NA,NA,"AUTO",3,"ANNVGR+ANDEKNSK+MBDEKNSK","N",NA,610039.9634,7646476.1849,2025
"03.63-128321","Røvika","ZR7","Kyst","OEKK","Økosystemovervåking i kystvann (ØkoKyst)","Miljødirektoratet","Akvaplan-niva","ANTIZM","Eutrofiindeks ålegress (Zostera marina)",NA,"VS","Saltvann",0,"Artsuavhengig","UKJENT","UKJENT",2025-08-27,NA,NA,NA,"Ufiltrert",NA,"=",0.275,NA,"<ubenevnt>",NA,NA,NA,"AUTO",3,"ANNVGR+ANDEKNSK+MBDEKNSK","N",NA,510852.6325,7460921.7428,2025
"04.22-128322","Treviknesbukta 2","ZR15","Kyst","OEKK","Økosystemovervåking i kystvann (ØkoKyst)","Miljødirektoratet","Akvaplan-niva","ANTIZM","Eutrofiindeks ålegress (Zostera marina)",NA,"VS","Saltvann",0,"Artsuavhengig","UKJENT","UKJENT",2025-08-07,NA,NA,NA,"Ufiltrert",NA,"=",0.325,NA,"<ubenevnt>",NA,NA,NA,"AUTO",3,"ANNVGR+ANDEKNSK+MBDEKNSK","N",NA,880994.6344,7850988.6117,2025
"04.22-128323","Mårnes","ZT2","Kyst","OEKK","Økosystemovervåking i kystvann (ØkoKyst)","Miljødirektoratet","Akvaplan-niva","ANTIZM","Eutrofiindeks ålegress (Zostera marina)",NA,"VS","Saltvann",0,"Artsuavhengig","UKJENT","UKJENT",2025-08-06,NA,NA,NA,"Ufiltrert",NA,"=",0.35,NA,"<ubenevnt>",NA,NA,NA,"AUTO",3,"ANNVGR+ANDEKNSK+MBDEKNSK","N",NA,892657.4984,7843619.5561,2025
"02.42-128328","Foldøyna","ZR17","Kyst","OEKK","Økosystemovervåking i kystvann (ØkoKyst)","Miljødirektoratet","NIVA","ANTIZM","Eutrofiindeks ålegress (Zostera marina)",NA,"VS","Saltvann",0,"Artsuavhengig","UKJENT","UKJENT",2025-08-13,NA,NA,NA,"Ufiltrert",NA,"=",0.8,NA,"<ubenevnt>",NA,NA,NA,"AUTO",3,"ANNVGR+ANDEKNSK+MBDEKNSK","N",NA,-12864.3606000002,6612046.7162,2025
"02.42-128329","Foreneset","ZR16","Kyst","OEKK","Økosystemovervåking i kystvann (ØkoKyst)","Miljødirektoratet","NIVA","ANTIZM","Eutrofiindeks ålegress (Zostera marina)",NA,"VS","Saltvann",0,"Artsuavhengig","UKJENT","UKJENT",2025-08-12,NA,NA,NA,"Ufiltrert",NA,"=",0.5,NA,"<ubenevnt>",NA,NA,NA,"AUTO",3,"ANNVGR+ANDEKNSK+MBDEKNSK","N",NA,-7965.39749999996,6590324.2687,2025
